rank,team,sp_plus,sp_plus_rank,fpi,elo,returning_prod,talent,offense_overall,defense_overall,epa_net,sagarin,sp_plus_norm,fpi_norm,elo_norm,returning_norm,talent_norm,sagarin_norm,epa_norm,composite,offense.rating,defense.rating,sp_plus_rank_prev,sp_plus_rank_delta,coaching_flag,luck_flag,luck,preseason_composite,season_delta
1,Ohio State,29.7,1.0,27.814,1943.4,0.683,964.27,0.41,0.0,0.41,93.71,29.7,27.814,14.780000000000003,5.294705882352942,10.75546720486316,15.94565638238956,7.595773659966682,23.75143168154496,40.1,10.5,1.0,0.0,,"Unlucky (-0.78 wins vs. expected, adj=+2.0pts)",-0.7823667675256729,23.257261908105743,0.49416977343921786
2,Notre Dame,26.7,3.0,27.822,2025.0,0.512,953.03,0.38,-0.19,0.5700000000000001,93.47,26.7,27.822,17.5,1.8747058823529417,10.34183754289938,15.790338350072899,11.446857067821202,20.751484198830056,40.2,13.7,3.0,0.0,,"Lucky (+0.11 wins vs. expected, adj=-0.3pts)",0.11443802528083324,20.490477224648625,0.2610069741814307
3,LSU,20.3,9.0,22.113,1702.1,0.212,931.76,0.23,-0.12,0.35,89.49,20.3,22.113,6.736666666666664,-4.125294117647059,9.559105967279313,13.21464764748819,6.151617382021238,19.78248988238971,33.3,13.2,9.0,0.0,New HC: Lane Kiffin (experienced_hc) | adj=+2.0pts,"Unlucky (-0.79 wins vs. expected, adj=+2.0pts)",-0.7859251946210861,16.74862248457289,3.0338673978168202
4,Georgia,28.2,2.0,28.296,1911.7,0.687,1003.67,0.41,-0.06,0.47,91.84,28.2,28.296,13.723333333333334,5.374705882352942,12.205379009255765,14.735470047255546,9.039929937912127,19.46577650281603,40.7,13.0,2.0,0.0,,"Lucky (+0.67 wins vs. expected, adj=-1.7pts)",0.6678154468536377,19.560249449715663,-0.09447294689963215
5,Oregon,24.4,5.0,21.729,1857.7,0.753,984.33,0.3,0.06,0.24,92.42,24.4,21.729,11.923333333333336,6.694705882352942,11.493671032175744,15.110821958687488,3.503997539121255,18.362114722670068,39.7,15.5,5.0,0.0,,"Unlucky (-0.02 wins vs. expected, adj=+0.1pts)",-0.02410246431827545,21.198339191568273,-2.8362244688982052
6,Indiana,25.8,4.0,24.412,2098.3,0.166,735.26,0.44,-0.04,0.48,90.75,25.8,24.412,19.94333333333334,-5.0452941176470585,2.327946841311115,14.030067317150689,9.280622650903034,18.294919078100126,38.4,13.0,4.0,0.0,,"Lucky (+0.28 wins vs. expected, adj=-0.7pts)",0.2839389443397522,19.19082474871149,-0.8959056706113628
7,Miami,23.2,7.0,25.673,1873.2,0.369,885.94,0.56,0.0,0.56,90.17,23.2,25.673,12.440000000000001,-0.9852941176470587,7.872939498313093,13.654715405718747,11.206164354830296,18.06080627491199,36.8,13.9,7.0,0.0,,"Lucky (+0.11 wins vs. expected, adj=-0.3pts)",0.10601494461297989,16.848837788967803,1.2119684859441868
8,Florida,17.8,15.0,19.25,1664.7,0.691,891.07,0.43,0.03,0.4,87.06,17.8,19.25,5.490000000000001,5.454705882352941,8.061722431220048,11.642052570281956,7.355080946975775,16.63290021423026,34.2,16.9,15.0,0.0,New HC: Jon Sumrall (experienced_hc) | adj=+2.5pts,"Lucky (+0.08 wins vs. expected, adj=-0.2pts)",0.07805509120225906,13.816978712608329,2.8159215016219328
9,Texas,24.1,6.0,26.907,1838.6,0.721,985.17,0.08,-0.04,0.12,91.95,24.1,26.907,11.286666666666664,6.054705882352941,11.524582857447054,14.806657478734019,0.6156849832303648,16.517646694580133,37.9,14.2,6.0,0.0,,"Lucky (+1.10 wins vs. expected, adj=-2.7pts)",1.0963458865880966,19.049915463758644,-2.5322687691785113
10,Alabama,19.5,11.0,24.643,1790.2,0.264,973.53,0.36,-0.05,0.41,89.27,19.5,24.643,9.673333333333336,-3.0852941176470585,11.096233278687412,13.072272784531249,7.595773659966682,16.465933595951736,34.5,14.7,11.0,0.0,,,0.019665896892547607,14.283255733971792,2.1826778619799434
11,Tennessee,20.2,10.0,18.208,1717.4,0.353,885.9,0.19,-0.14,0.33,85.45,20.2,18.208,7.24666666666667,-1.305294117647059,7.871467506633504,10.600127436824325,5.670231956039423,14.451153874604588,40.6,20.7,10.0,0.0,,"Unlucky (-0.12 wins vs. expected, adj=+0.3pts)",-0.11743094958364964,12.249240274110782,2.201913600493805
12,Penn State,19.1,12.0,15.646,1810.2,0.076,774.04,0.24,-0.07,0.31,83.18,19.1,15.646,10.340000000000002,-6.845294117647058,3.7550427746701303,9.131077714495865,5.1888465300576065,14.326909390948222,35.2,16.6,12.0,0.0,New HC: Matt Campbell (experienced_hc) | adj=+0.5pts,"Unlucky (-0.49 wins vs. expected, adj=+1.2pts)",-0.4863138124346733,11.985083340060338,2.3418260508878834
13,USC,21.6,8.0,14.792,1769.3,0.592,899.0,0.34,0.19,0.15000000000000002,84.51,21.6,14.792,8.976666666666665,3.474705882352941,8.353544781698051,9.991798476917387,1.337763122203088,13.956782380367615,42.3,20.7,8.0,0.0,,"Unlucky (-0.08 wins vs. expected, adj=+0.2pts)",-0.08157483488321304,13.017833862997415,0.9389485173701999
14,Michigan,15.1,21.0,13.275,1714.7,0.692,890.02,0.16,-0.08,0.24,83.89,15.1,13.275,7.156666666666668,5.47470588235294,8.023082649630902,9.590560226765996,3.503997539121255,13.445487507857917,30.9,15.4,21.0,0.0,New HC: Kyle Wittingham (experienced_hc) | adj=+1.5pts,"Unlucky (-0.19 wins vs. expected, adj=+0.5pts)",-0.1925143599510193,14.812069013219014,-1.366581505361097
15,Oklahoma,17.6,16.0,13.859,1699.0,0.632,851.14,0.03,-0.17,0.2,84.97,17.6,13.859,6.633333333333334,4.274705882352942,6.592306737072921,10.28949137219099,2.541226687157625,13.305156025074055,30.1,12.8,16.0,0.0,,"Unlucky (-0.38 wins vs. expected, adj=+0.9pts)",-0.37576282024383545,14.372335403562566,-1.067179378488511
16,Texas A&M,18.3,14.0,15.085,1722.8,0.728,933.0,0.04,0.08,-0.04,86.05,18.3,15.085,7.426666666666665,6.194705882352941,9.604737709346493,10.988422517615986,-3.2353984246241545,13.080515358274477,36.4,17.9,14.0,0.0,,,0.014358463697135448,15.80532921408106,-2.724813855806584
17,Texas Tech,18.5,13.0,16.977,1895.8,0.534,767.89,0.25,0.04,0.21,84.19,18.5,16.977,13.193333333333332,2.314705882352942,3.528724053933722,9.784707767161827,2.781919400148532,12.412466140866604,35.6,17.4,13.0,0.0,,"Lucky (+0.46 wins vs. expected, adj=-1.1pts)",0.4561987519264221,15.92404414463286,-3.5115780037662567
18,BYU,17.5,17.0,14.915,1709.3,0.785,689.42,0.55,-0.08,0.63,80.98,17.5,14.915,6.976666666666665,7.334705882352942,0.6410443765050972,7.707329084926428,12.891013345766646,12.128953550493621,35.0,17.7,17.0,0.0,,"Lucky (+0.03 wins vs. expected, adj=-0.1pts)",0.026659369468688965,10.724397525545514,1.404556024948107
19,Utah,17.0,19.0,18.167,1855.9,0.679,695.72,0.38,-0.04,0.42,83.37,17.0,18.167,11.863333333333337,5.214705882352942,0.8728830660399579,9.254037823413224,7.83646637295759,11.365950837084652,35.2,18.2,19.0,0.0,New HC: Morgan Scalley (first_time_hc) | adj=-2.0pts,"Lucky (+0.02 wins vs. expected, adj=-0.1pts)",0.02229231595993042,6.023937506721909,5.342013330362743
20,Missouri,15.0,22.0,9.605,1674.5,0.42,808.36,0.2,-0.04,0.24000000000000002,79.61,15.0,9.605,5.816666666666666,0.03470588235294114,5.018011635755265,6.820721983785459,3.503997539121255,11.13485219786013,31.7,16.3,22.0,0.0,,"Unlucky (-0.75 wins vs. expected, adj=+1.9pts)",-0.7492013932205737,10.498475667828542,0.6363765300315887
21,Nebraska,14.5,23.0,15.952,1612.0,0.463,787.45,0.43,-0.03,0.45999999999999996,81.34,14.5,15.952,3.7333333333333334,0.8947058823529419,4.248527985251474,7.940306133401426,8.79923722492122,11.023834122060135,33.5,19.0,23.0,0.0,,"Lucky (+0.02 wins vs. expected, adj=-0.1pts)",0.02450960874557495,6.992490116982809,4.031344005077326
22,Louisville,13.3,25.0,10.798,1691.5,0.348,739.97,0.33,0.13,0.2,80.28,13.3,10.798,6.383333333333334,-1.405294117647059,2.5012738615824146,7.254318157336152,2.541226687157625,10.152220654228596,34.5,21.4,25.0,0.0,,"Unlucky (-0.42 wins vs. expected, adj=+1.0pts)",-0.41983772069215775,8.044878390860177,2.1073422633684196
23,Houston,10.8,34.0,11.459,1552.5,0.812,695.93,0.38,0.13,0.25,79.39,10.8,11.459,1.75,7.874705882352942,0.8806110223577837,6.678347120828517,3.7446902521121626,9.567832604052763,33.3,22.3,34.0,0.0,,"Unlucky (-0.41 wins vs. expected, adj=+1.0pts)",-0.41175609827041626,5.950530143568539,3.6173024604842237
24,Pittsburgh,10.4,37.0,13.455,1628.1,0.397,675.02,0.26,-0.1,0.36,80.62,10.4,13.455,4.269999999999997,-0.42529411764705816,0.1111273718539934,7.47435203645143,6.392310095012145,8.851186594833319,31.0,20.7,37.0,0.0,,"Lucky (+0.06 wins vs. expected, adj=-0.1pts)",0.05539846420288086,5.235437418899244,3.6157491759340745
25,South Carolina,13.0,26.0,9.85,1622.9,0.69,862.87,0.19,0.19,0.0,79.92,13.0,9.85,4.096666666666669,5.43470588235294,7.023968297111633,7.0213411088611535,-2.272627572660525,8.82875098861148,31.7,19.3,26.0,0.0,,,0.004381537437438965,9.696355001663484,-0.867604013052004
26,Virginia Tech,12.4,28.0,8.885,1526.1,0.367,769.12,0.3,0.05,0.25,76.86,12.4,8.885,0.869999999999997,-1.0252941176470587,3.573987798081004,5.041036196823666,3.7446902521121626,8.74260520358639,33.8,21.2,28.0,0.0,New HC: James Franklin (experienced_hc) | adj=+2.5pts,"Lucky (+0.46 wins vs. expected, adj=-1.2pts)",0.4625645652413368,8.061850931587646,0.6807542719987438
27,Northwestern,7.7,44.0,11.24,1585.3,0.885,688.32,0.33,0.11,0.22000000000000003,79.24,7.7,11.24,2.843333333333332,9.334705882352942,0.6005646053164745,6.581273350630597,3.0226121131394406,8.295076258399385,27.1,19.9,44.0,0.0,,"Unlucky (-0.23 wins vs. expected, adj=+0.6pts)",-0.2344943881034851,3.8612658241592976,4.433810434240088
28,Iowa,17.3,18.0,12.754,1829.1,0.342,722.73,0.23,-0.04,0.27,83.65,17.3,12.754,10.969999999999997,-1.525294117647058,1.8668454476806753,9.435242194449334,4.226075678093978,8.158262092233382,31.4,14.6,18.0,0.0,,"Lucky (+1.42 wins vs. expected, adj=-3.6pts)",1.4242260158061981,10.10042416092916,-1.9421620686957777
29,Auburn,11.6,31.0,13.039,1646.3,0.144,828.19,0.12,0.01,0.11,81.76,11.6,13.039,4.876666666666665,-5.48529411764706,5.747751510910225,8.212112689955593,0.37499227023945736,8.15787606019147,29.3,18.0,31.0,0.0,New HC: Alex Golesh (experienced_hc) | adj=+1.5pts,"Lucky (+1.00 wins vs. expected, adj=-2.5pts)",1.0027258023619652,10.379038285425072,-2.221162225233602
30,SMU,12.0,29.0,9.093,1741.5,0.569,764.5,0.26,0.04,0.22,78.45,12.0,9.093,8.05,3.0147058823529402,3.4039727590887745,6.0700181609215775,3.0226121131394397,8.152963666950713,33.9,21.5,29.0,0.0,,"Lucky (+0.07 wins vs. expected, adj=-0.2pts)",0.06971395760774612,9.296987508797743,-1.14402384184703
31,Virginia,10.5,36.0,11.806,1637.9,0.095,700.18,0.33,-0.02,0.35000000000000003,79.6,10.5,11.806,4.596666666666669,-6.465294117647058,1.037010138313839,6.814250399105595,6.1516173820212385,8.137539023303125,29.3,18.9,36.0,0.0,,,0.0008107125759124756,6.261459666027078,1.8760793572760468
32,TCU,11.2,32.0,6.255,1610.7,0.224,730.79,0.14,-0.06,0.2,76.03,11.2,6.255,3.6900000000000017,-3.8852941176470583,2.1634517711173333,4.503894668395199,2.541226687157625,7.790910106263416,31.4,20.1,32.0,0.0,,"Unlucky (-0.62 wins vs. expected, adj=+1.6pts)",-0.6225802302360535,5.343877191439448,2.447032914823968
33,Mississippi State,12.0,29.0,14.258,1543.0,0.339,804.53,0.37,0.01,0.36,81.34,12.0,14.258,1.4333333333333333,-1.585294117647058,4.877068432434866,7.940306133401426,6.392310095012145,7.618445527845536,35.4,23.9,29.0,0.0,,"Lucky (+0.80 wins vs. expected, adj=-2.0pts)",0.7994102444499731,3.932329584780194,3.686115943065342
34,Kansas State,14.4,24.0,9.664,1648.1,0.714,718.67,0.28,0.01,0.27,77.88,14.4,9.664,4.936666666666664,5.914705882352941,1.7174382922026534,5.701137834169492,4.226075678093978,7.600127175486268,34.7,20.6,24.0,0.0,New HC: Collin Klein (first_time_hc) | adj=-1.5pts,"Unlucky (-0.06 wins vs. expected, adj=+0.1pts)",-0.05574113130569458,4.510039096994918,3.09008807849135
35,UCLA,9.0,40.0,10.353,1454.6,0.57,774.45,0.29,-0.08,0.37,82.46,9.0,10.353,-1.5133333333333363,3.0347058823529407,3.7701306893858937,8.66512361754586,6.633002808003052,7.38729957577096,32.6,23.6,40.0,0.0,New HC: Bob Chesney (experienced_hc),"Lucky (+0.26 wins vs. expected, adj=-0.6pts)",0.2562728673219681,3.3156134031072853,4.071686172663675
36,Washington,12.8,27.0,4.353,1755.9,0.544,777.63,0.14,-0.13,0.27,78.58,12.8,4.353,8.530000000000003,2.514705882352942,3.8871540279130112,6.154148761759768,4.226075678093978,7.013408972563229,30.7,17.7,27.0,0.0,,"Lucky (+0.17 wins vs. expected, adj=-0.4pts)",0.17297852039337158,10.736571133909528,-3.7231621613462993
37,Vanderbilt,9.7,39.0,5.536,1755.7,0.354,727.39,0.08,-0.04,0.12,77.17,9.7,5.536,8.523333333333335,-1.285294117647059,2.03833247835249,5.24165532189936,0.6156849832303648,6.876561307800782,33.2,24.0,39.0,0.0,,"Unlucky (-0.24 wins vs. expected, adj=+0.6pts)",-0.24498355388641357,7.467323559702074,-0.5907622519012925
38,Illinois,11.1,33.0,6.768,1581.9,0.211,704.01,0.29,0.26,0.02999999999999997,79.15,11.1,6.768,2.730000000000003,-4.145294117647059,1.1779533416342385,6.523029088511854,-1.5505494336878032,6.72152254912197,33.7,23.0,33.0,0.0,,,-0.001494377851486206,6.500026193988132,0.22149635513383803
39,Ole Miss,15.6,20.0,14.409,1817.6,0.503,885.72,0.28,0.25,0.030000000000000027,84.97,15.6,14.409,10.586666666666664,1.6947058823529415,7.864843544075367,10.28949137219099,-1.550549433687802,6.5431451260203595,36.3,21.3,20.0,0.0,New HC: Pete Golding (first_time_hc) | adj=-2.5pts,"Lucky (+1.18 wins vs. expected, adj=-3.0pts)",1.1802138537168503,10.78431277425983,-4.24116764823947
40,Boise State,6.9,47.0,11.096,1615.0,0.663,641.17,0.3,0.04,0.26,75.48,6.9,11.096,3.8333333333333335,4.894705882352942,-1.134545586996,4.147957511002842,3.9853829651030703,6.464736370379855,31.2,24.1,47.0,0.0,,"Lucky (+0.04 wins vs. expected, adj=-0.1pts)",0.03823603503406048,3.099733289273852,3.365003081106003
41,Duke,7.0,46.0,10.899,1643.3,0.171,668.47,0.27,-0.02,0.29000000000000004,77.04,7.0,10.899,4.7766666666666655,-4.945294117647058,-0.1299112656782782,5.157524721061169,4.707461104075794,6.234339234984805,31.9,25.2,46.0,0.0,,"Lucky (+0.09 wins vs. expected, adj=-0.2pts)",0.08935829997062683,3.090066273712242,3.1442729612725633
42,Baylor,6.8,48.0,7.712,1561.3,0.602,723.28,0.08,-0.06,0.14,76.12,6.8,7.712,2.0433333333333317,3.6747058823529413,1.8870853332749868,4.56213893051395,1.0970704092121801,6.220768527159312,31.7,25.4,48.0,0.0,,"Unlucky (-0.25 wins vs. expected, adj=+0.6pts)",-0.24908176064491272,3.9767305021715584,2.244038024987754
43,Arizona,9.8,38.0,5.563,1644.3,0.649,699.59,0.25,0.03,0.22,75.44,9.8,5.563,4.809999999999999,4.614705882352942,1.0152982610399426,4.122071172283393,3.0226121131394397,5.960047613540609,31.7,21.6,38.0,0.0,,"Lucky (+0.04 wins vs. expected, adj=-0.1pts)",0.03589734435081482,6.519299753489258,-0.559252139948649
44,Clemson,7.1,45.0,7.389,1662.2,0.414,862.85,-0.04,-0.04,0.0,78.01,7.1,7.389,5.406666666666668,-0.08529411764705896,7.023232301271841,5.785268435007692,-2.272627572660525,5.537514163097359,26.4,19.6,45.0,0.0,,"Lucky (+0.19 wins vs. expected, adj=-0.5pts)",0.1919216588139534,9.692534373224696,-4.155020210127336
45,Oklahoma State,8.7,41.0,6.898,1339.7,0.0,672.69,0.03,0.01,0.019999999999999997,77.82,8.7,6.898,-5.343333333333332,-8.365294117647059,0.025383856518088176,5.662308326090324,-1.7912421466787098,5.196525722629253,30.5,22.3,41.0,0.0,New HC: Eric Morris (experienced_hc) | adj=+1.0pts,"Lucky (+0.33 wins vs. expected, adj=-0.8pts)",0.3268556594848633,3.741977092676908,1.454548629952345
46,Kentucky,6.5,49.0,9.445,1536.6,0.193,786.65,0.25,0.05,0.2,80.25,6.5,9.445,1.2199999999999969,-4.5052941176470584,4.219088151659744,7.234903403296568,2.541226687157625,4.812845356024876,28.2,21.7,49.0,0.0,New HC: Will Stein (first_time_hc) | adj=-1.5pts,"Lucky (+0.02 wins vs. expected, adj=-0.1pts)",0.023851809091866016,2.880950968780997,1.9318943872438785
47,Florida State,5.5,53.0,6.593,1557.6,0.401,800.2,0.26,0.26,0.0,75.15,5.5,6.593,1.919999999999997,-0.3452941176470581,4.71772533311964,3.9343952165674274,-2.272627572660525,4.605255746667195,30.2,24.5,53.0,0.0,,"Unlucky (-0.04 wins vs. expected, adj=+0.1pts)",-0.03735048323869705,6.224590343119137,-1.6193345964519414
48,Wisconsin,5.1,56.0,7.37,1557.2,0.31,767.68,0.12,-0.01,0.13,80.7,5.1,7.37,1.9066666666666683,-2.1652941176470586,3.520996097615892,7.526124713890318,0.8563776962212724,4.524830067573463,23.4,18.2,56.0,0.0,,"Lucky (+0.45 wins vs. expected, adj=-1.1pts)",0.4499282240867615,4.482359587247116,0.04247048032634737
49,UCF,5.5,53.0,6.469,1528.9,0.248,672.14,0.05,-0.06,0.11,75.9,5.5,6.469,0.9633333333333364,-3.405294117647059,0.005143970923772643,4.419764067557007,0.37499227023945736,4.155391473532393,25.9,20.4,53.0,0.0,,"Lucky (+0.09 wins vs. expected, adj=-0.2pts)",0.0945236086845398,1.3513392599962026,2.80405221353619
50,New Mexico,4.8,58.0,4.748,1528.2,0.582,568.19,0.19,-0.15,0.33999999999999997,71.26,4.8,4.748,0.9400000000000015,3.274705882352941,-3.8201944064013866,1.4169487761014716,5.910924669030329,4.113463882172708,26.7,22.4,58.0,0.0,,"Unlucky (-0.33 wins vs. expected, adj=+0.8pts)",-0.33076804131269455,-1.5804485406715596,5.693912422844267
51,Minnesota,5.9,51.0,1.787,1554.9,0.649,728.79,0.1,0.05,0.05,77.41,5.9,1.787,1.830000000000003,4.614705882352942,2.089852187138013,5.396973354216023,-1.0691640077059874,4.094953076918173,26.5,20.2,51.0,0.0,,,-0.003421461209654808,3.9567219557770863,0.13823112114108627
52,NC State,5.0,57.0,2.744,1584.2,0.599,757.14,0.2,0.18,0.020000000000000018,75.96,5.0,2.744,2.806666666666668,3.6147058823529408,3.1331262900448764,4.458593575636166,-1.7912421466787096,3.8692635970397777,30.9,25.6,57.0,0.0,,"Unlucky (-0.02 wins vs. expected, adj=+0.1pts)",-0.023823320865631104,2.7945330793137586,1.0747305177260191
53,Cincinnati,8.0,42.0,7.055,1560.5,0.083,634.28,0.36,0.14,0.21999999999999997,74.03,8.0,7.055,2.0166666666666666,-6.705294117647059,-1.388096153804757,3.209577732422985,3.0226121131394397,3.636423510656644,32.3,24.6,42.0,0.0,,"Lucky (+0.48 wins vs. expected, adj=-1.2pts)",0.4796072840690613,1.9050901969214853,1.7313333137351585
54,Michigan State,2.3,65.0,3.598,1474.0,0.209,685.02,0.04,0.16,-0.12,73.99,2.3,3.598,-0.8666666666666667,-4.185294117647059,0.4791252917505939,3.1836913937035365,-5.160940128551415,3.5403830088163737,27.1,24.5,65.0,0.0,New HC: Pat Fitzgerald (experienced_hc) | adj=+2.0pts,"Lucky (+0.22 wins vs. expected, adj=-0.5pts)",0.21721893548965454,2.9977769193341715,0.5426060894822022
55,Georgia Tech,4.4,60.0,0.004,1541.7,0.126,751.65,0.16,0.19,-0.03,72.81,4.4,0.004,1.3900000000000015,-5.845294117647058,2.9310954320216425,2.4200444014799354,-2.9947057116332476,3.0940149761172444,27.9,24.0,60.0,0.0,,"Unlucky (-0.54 wins vs. expected, adj=+1.4pts)",-0.5444742497056723,3.919081168385655,-0.8250661922684106
56,Kansas,3.0,64.0,-0.443,1521.9,0.181,684.51,0.14,-0.06,0.2,72.16,3.0,-0.443,0.730000000000003,-4.745294117647059,0.4603573978358676,1.999391397288962,2.541226687157625,3.0918283844150727,27.4,24.8,64.0,0.0,,"Unlucky (-0.75 wins vs. expected, adj=+1.9pts)",-0.7453926890157163,2.3650704986398066,0.7267578857752661
57,Iowa State,5.8,52.0,3.988,1606.5,0.017,669.55,0.13,-0.03,0.16,74.16,5.8,3.988,3.55,-8.025294117647059,-0.09016749032944804,3.2937083332611756,1.5784558351939948,2.9334053640513846,25.4,19.9,52.0,0.0,New HC: Jimmy Rogers (experienced_hc) | adj=-2.0pts,"Unlucky (-0.57 wins vs. expected, adj=+1.4pts)",-0.5726028978824615,-2.4056785694784386,5.339083933529823
58,Maryland,7.9,43.0,-1.69,1454.0,0.54,719.64,0.14,0.07,0.07,70.36,7.9,-1.69,-1.5333333333333334,2.434705882352942,1.7531340904326247,0.834506154913972,-0.5877785817241724,2.3666294193740813,29.6,21.9,43.0,0.0,,"Unlucky (-0.12 wins vs. expected, adj=+0.3pts)",-0.11797851510345936,2.6498593817941334,-0.28322996242005205
59,Wake Forest,3.6,63.0,5.989,1547.0,0.142,680.87,0.28,0.15,0.13000000000000003,75.37,3.6,5.989,1.5666666666666667,-5.525294117647059,0.3264061549935055,4.07677007952437,0.8563776962212731,2.235886808233913,26.4,22.8,63.0,0.0,,"Lucky (+0.54 wins vs. expected, adj=-1.4pts)",0.5432062521576881,2.323502179423538,-0.08761537118962526
60,James Madison,6.2,50.0,5.899,1806.5,0.08,588.31,0.21,-0.14,0.35,71.94,6.2,5.899,10.216666666666667,-6.765294117647058,-3.0797825915694306,1.8570165343320195,6.151617382021238,2.024235247618533,28.8,22.3,50.0,0.0,New HC: Billy Napier (experienced_hc) | adj=-2.0pts,"Lucky (+0.10 wins vs. expected, adj=-0.2pts)",0.097389817237854,-3.2935423837982567,5.3177776314167895
61,West Virginia,3.8,61.0,2.523,1415.6,0.14,707.6,0.31,0.09,0.22,74.14,3.8,2.523,-2.8133333333333366,-5.565294117647058,1.3100645948771192,3.280765163901456,3.0226121131394397,1.9518749345631492,29.2,25.5,61.0,0.0,,"Lucky (+0.15 wins vs. expected, adj=-0.4pts)",0.1475144922733307,-0.100807194386877,2.052682128950026
62,North Carolina,4.5,59.0,5.278,1425.9,0.278,767.89,0.12,-0.03,0.15,72.51,4.5,5.278,-2.469999999999997,-2.8052941176470583,3.528724053933722,2.225896861084105,1.3377631222030872,1.8046900049662717,25.0,20.8,59.0,0.0,,"Lucky (+0.50 wins vs. expected, adj=-1.2pts)",0.4960486888885498,2.5342057293511733,-0.7295157243849015
63,Arizona State,5.3,55.0,3.044,1595.9,0.155,722.0,0.04,0.03,0.010000000000000002,76.54,5.3,3.044,3.19666666666667,-5.265294117647059,1.839981599528223,4.8339454870681156,-2.031934859669618,1.78682378700972,27.5,21.7,55.0,0.0,,"Lucky (+0.74 wins vs. expected, adj=-1.8pts)",0.7378813624382019,3.935437635966512,-2.148613848956792
64,Syracuse,-0.2,69.0,0.564,1324.9,0.35,745.61,0.04,-0.05,0.09,71.82,-0.2,0.564,-5.836666666666663,-1.365294117647059,2.708824688404097,1.7793575181736838,-0.10639315574235769,1.3187479295540574,23.4,23.8,69.0,0.0,,"Unlucky (-0.45 wins vs. expected, adj=+1.1pts)",-0.4503149390220642,-1.0606459904115255,2.379393919965583
65,Arkansas,-0.3,70.0,2.16,1565.8,0.145,745.48,0.04,0.19,-0.15,73.66,-0.3,2.16,2.193333333333332,-5.465294117647059,2.7040407154454416,2.970129099268122,-5.883018267524137,0.5808452121967764,30.6,31.1,70.0,0.0,New HC: Ryan Silverfield (experienced_hc) | adj=-0.5pts,,0.009620964527130127,3.2783355722798273,-2.6974903600830507
66,North Dakota State,10.6,35.0,-0.384,1572.8,,515.59,0.17,-0.18,0.35,67.43,10.6,-0.384,2.426666666666665,0.0,-5.755863465057506,-1.061668156285316,6.151617382021238,0.3644556660056528,30.0,19.5,35.0,0.0,,"Lucky (+0.97 wins vs. expected, adj=-2.4pts)",0.9713367223739624,-1.5470514892521636,1.9115071552578164
67,Memphis,3.7,62.0,0.021,1550.1,0.056,670.31,0.29,0.17,0.11999999999999997,66.19,3.7,0.021,1.669999999999997,-7.245294117647059,-0.06219964841730674,-1.8641446565880941,0.6156849832303641,0.20176116051101406,33.3,29.8,62.0,0.0,New HC: Charles Huff (experienced_hc),"Lucky (+0.02 wins vs. expected, adj=-0.1pts)",0.020842917263507843,-0.9180772825766732,1.1198384430876873
68,Rutgers,-2.4,77.0,-3.653,1475.0,0.444,709.04,0.14,0.21,-0.06999999999999998,69.99,-2.4,-3.653,-0.8333333333333334,0.5147058823529416,1.3630562953422274,0.5950575217591095,-3.9574765635968774,0.1661929120289023,29.1,31.6,77.0,0.0,,"Unlucky (-0.68 wins vs. expected, adj=+1.7pts)",-0.6787947462871671,1.5566765832547744,-1.3904836712258721
69,Purdue,-2.1,75.0,-3.132,1331.2,0.475,698.33,0.28,0.37,-0.08999999999999997,70.76,-2.1,-3.132,-5.626666666666665,1.134705882352941,0.9689305231329712,1.0933695421084182,-4.438861989578691,0.10960850195212313,27.4,30.0,75.0,0.0,,"Unlucky (-0.64 wins vs. expected, adj=+1.6pts)",-0.6414065044373274,-0.8269832782275736,0.9365917801796967
70,Texas State,-5.9,91.0,-2.015,1609.6,0.76,624.81,0.37,0.21,0.16,68.1,-5.9,-2.015,3.65333333333333,6.834705882352941,-1.7365901839468387,-0.6280719827346326,1.5784558351939948,-0.5532340323319052,31.7,37.7,91.0,0.0,,"Unlucky (-0.47 wins vs. expected, adj=+1.2pts)",-0.47233882546424866,-2.132278675668456,1.579044643336551
71,UTSA,-1.4,74.0,-0.181,1637.4,0.669,655.82,0.24,0.06,0.18,70.02,-1.4,-0.181,4.580000000000003,5.014705882352942,-0.595428634347477,0.6144722757986935,2.0598412611758095,-0.6385932101205414,28.7,30.2,74.0,0.0,,"Lucky (+0.40 wins vs. expected, adj=-1.0pts)",0.4027627408504486,-1.7267562069977198,1.0881629968771784
72,Army,0.2,68.0,-2.324,1583.9,0.802,303.83,0.33,0.24,0.09000000000000002,67.06,0.2,-2.324,2.7966666666666695,7.674705882352942,-13.548587416787917,-1.3011167894401785,-0.10639315574235703,-1.0845211915474144,26.5,26.3,68.0,0.0,,"Lucky (+0.19 wins vs. expected, adj=-0.5pts)",0.18980982899665833,-2.581947097781117,1.4974259062337025
73,Colorado,-1.2,72.0,-0.633,1416.9,0.137,731.62,0.12,0.04,0.07999999999999999,69.26,-1.2,-0.633,-2.769999999999997,-5.625294117647059,2.193995598468753,0.12263184012925821,-0.3470858687332654,-1.2154877143862408,24.9,25.7,72.0,0.0,,"Lucky (+0.13 wins vs. expected, adj=-0.3pts)",0.1265319585800171,1.139288599426533,-2.3547763138127737
74,Western Michigan,-2.6,80.0,-2.793,1547.3,0.997,572.2,0.1,0.1,0.0,64.61,-2.6,-2.793,1.576666666666665,11.574705882352943,-3.67262724052285,-2.886655036006142,-2.272627572660525,-1.4877689312844897,21.2,23.6,80.0,0.0,,"Unlucky (-0.10 wins vs. expected, adj=+0.3pts)",-0.10280279628932476,-3.695137514558341,2.207368583273851
75,Fresno State,-0.4,71.0,-0.884,1560.3,0.383,609.75,0.1,0.04,0.060000000000000005,65.14,-0.4,-0.884,2.0099999999999985,-0.7052941176470584,-2.290795051311117,-2.5436610479735045,-0.8284712947150799,-1.6882432399955183,21.5,22.0,71.0,0.0,,"Lucky (+0.25 wins vs. expected, adj=-0.6pts)",0.25076407194137573,-2.2597509660435757,0.5715077260480574
76,Air Force,-2.8,81.0,-5.34,1457.6,0.574,272.35,0.29,0.02,0.26999999999999996,60.49,-2.8,-5.34,-1.4133333333333364,3.1147058823529408,-14.707044868622415,-5.5529479241089,4.226075678093977,-2.1699041512874095,25.4,28.3,81.0,0.0,,"Unlucky (-0.69 wins vs. expected, adj=+1.7pts)",-0.6902147568762302,-4.329267369712504,2.1593632184250944
77,Oregon State,-2.5,78.0,-0.097,1324.7,0.579,635.79,0.25,0.09,0.16,67.97,-2.5,-0.097,-5.843333333333332,3.2147058823529404,-1.3325284679003708,-0.7122025835728235,1.5784558351939948,-2.2231267946060185,23.8,25.6,78.0,0.0,New HC: JaMarcus Shephard (first_time_hc) | adj=-1.0pts,"Lucky (+0.02 wins vs. expected, adj=-0.1pts)",0.023048434406518936,-6.824344574215103,4.601217779609085
78,Temple,-6.5,95.0,-5.158,1340.9,0.37,631.07,0.24,0.22,0.01999999999999999,61.91,-6.5,-5.158,-5.30333333333333,-0.9652941176470586,-1.5062234860915629,-4.633982899568632,-1.7912421466787105,-2.448706066394532,26.6,33.5,95.0,0.0,,"Unlucky (-1.02 wins vs. expected, adj=+2.6pts)",-1.0217394307255745,-7.116441377968914,4.667735311574382
79,California,0.8,67.0,-2.133,1436.5,0.583,751.92,-0.01,0.05,-0.060000000000000005,70.74,0.8,-2.133,-2.1166666666666667,3.2947058823529405,2.9410313758588504,1.0804263727486896,-3.71678385060597,-2.6002525089453226,27.6,26.5,67.0,0.0,New HC: Tosh Lupoi (first_time_hc) | adj=-1.5pts,"Lucky (+0.43 wins vs. expected, adj=-1.1pts)",0.4316064640879631,0.5077785753710069,-3.1080310843163295
80,Liberty,-3.0,82.0,-2.142,1477.2,0.383,633.35,0.15,0.01,0.13999999999999999,64.19,-3.0,-2.142,-0.7599999999999985,-0.7052941176470584,-1.4223199603551393,-3.158461592560308,1.0970704092121795,-2.6074401047995175,26.1,28.9,82.0,0.0,,"Lucky (+0.08 wins vs. expected, adj=-0.2pts)",0.08016105368733406,-5.064295716611198,2.456855611811681
81,Toledo,-5.4,87.0,0.878,1610.4,0.663,556.26,0.29,-0.01,0.3,66.73,-5.4,0.878,3.680000000000003,4.894705882352942,-4.259215924838033,-1.5146790838755926,4.9481538170667,-2.7835892286272026,21.9,26.9,87.0,0.0,New HC: Mike Jacobs (first_time_hc) | adj=-1.0pts,"Lucky (+0.24 wins vs. expected, adj=-0.6pts)",0.24091243743896484,-5.632943163883477,2.849353935256274
82,UNLV,-3.3,84.0,-2.901,1562.7,0.154,696.03,0.07,0.08,-0.009999999999999995,63.32,-3.3,-2.901,2.0900000000000016,-5.285294117647059,0.8842910015567507,-3.721489459708219,-2.5133202856514325,-2.954139713578005,26.5,29.8,84.0,0.0,,,0.005105752497911453,0.2976801375702964,-3.2518198511483014
83,San Diego State,-2.5,78.0,-5.577,1484.7,0.987,609.22,-0.06,0.15,-0.21,63.46,-2.5,-5.577,-0.5099999999999985,11.374705882352941,-2.3102989410656356,-3.6308872741901634,-7.327174545469583,-2.9657884949108673,22.4,25.5,78.0,0.0,,,0.019714556634426117,0.6175403250591345,-3.583328819970002
84,North Texas,-9.2,105.0,0.116,1649.9,0.025,602.08,0.37,0.2,0.16999999999999998,66.48,-9.2,0.116,4.99666666666667,-7.865294117647058,-2.573049455871808,-1.6764687008721193,1.8191485481849021,-3.1180742735360054,26.2,35.2,105.0,0.0,New HC: Neal Brown (experienced_hc),,0.011099636554718018,-6.656115652308747,3.538041378772742
85,Jacksonville State,-3.2,83.0,-8.486,1508.8,0.495,602.83,0.21,0.08,0.13,59.42,-3.2,-8.486,0.29333333333333184,1.5347058823529414,-2.5454496118795626,-6.245407484854034,0.8563776962212724,-3.6516113444063087,26.9,29.7,83.0,0.0,,"Unlucky (-0.47 wins vs. expected, adj=+1.2pts)",-0.46698397397994995,-7.497595189585829,3.8459838451795205
86,Louisiana,-7.2,99.0,-3.043,1433.8,0.919,590.94,0.09,-0.11,0.2,63.42,-7.2,-3.043,-2.2066666666666683,10.014705882352942,-2.982999138636621,-3.6567736129096073,2.541226687157625,-3.6771742908816947,25.5,32.3,99.0,0.0,,"Lucky (+0.07 wins vs. expected, adj=-0.2pts)",0.06649506092071533,-6.831702969409758,3.154528678528063
87,South Florida,1.9,66.0,-1.452,1720.0,0.126,703.81,0.24,0.0,0.24,65.24,1.9,-1.452,7.333333333333333,-5.845294117647058,1.1705933832363047,-2.4789452011748976,3.503997539121255,-3.803294960678821,30.1,28.1,66.0,0.0,New HC: Brian Hartline (first_time_hc) | adj=-2.0pts,"Lucky (+0.63 wins vs. expected, adj=-1.6pts)",0.6312847286462784,-3.257206902971797,-0.5460880577070242
88,Navy,-2.3,76.0,-7.079,1507.6,0.138,195.68,0.27,0.19,0.08000000000000002,61.38,-2.3,-7.079,0.2533333333333303,-5.605294117647058,-17.52848492046965,-4.976976887601264,-0.34708586873326475,-3.9969218156395803,26.7,29.1,76.0,0.0,,"Unlucky (-0.21 wins vs. expected, adj=+0.5pts)",-0.21337395906448364,-0.908430589229128,-3.0884912264104525
89,Colorado State,-6.6,96.0,-6.612,1337.3,0.396,640.31,0.32,0.22,0.1,62.81,-6.6,-6.612,-5.423333333333335,-0.4452941176470582,-1.1661934081071081,-4.051540278381132,0.13429955724855,-4.187953724772934,21.7,28.2,96.0,0.0,New HC: Jim Mora (experienced_hc) | adj=+1.0pts,"Lucky (+0.02 wins vs. expected, adj=-0.1pts)",0.02011948823928833,-7.947432477154811,3.7594787523818765
90,Miami (OH),-6.0,92.0,-7.681,1454.1,0.139,621.37,0.29,0.16,0.12999999999999998,61.63,-6.0,-7.681,-1.5300000000000031,-5.5852941176470585,-1.863181468391267,-4.815187270604738,0.8563776962212719,-4.545252356315607,21.0,27.4,92.0,0.0,,"Unlucky (-0.36 wins vs. expected, adj=+0.9pts)",-0.35899633169174194,-5.100437057327188,0.5551847010115809
91,Tulsa,-1.2,72.0,-4.884,1306.6,0.413,622.84,0.11,-0.05,0.16,63.44,-1.2,-4.884,-6.44666666666667,-0.10529411764705898,-1.8090857741664659,-3.643830443549888,1.5784558351939948,-4.686392128871924,25.2,26.8,72.0,0.0,,"Lucky (+0.64 wins vs. expected, adj=-1.6pts)",0.6363534331321716,-6.366978711087526,1.6805865822156019
92,UConn,-5.2,86.0,-7.171,1497.7,0.023,652.56,0.21,0.02,0.19,61.84,-5.2,-7.171,-0.07666666666666515,-7.905294117647058,-0.7153959562337725,-4.679283992327655,2.3005339741667177,-4.799034017998611,24.1,29.8,86.0,0.0,,"Unlucky (-0.08 wins vs. expected, adj=+0.2pts)",-0.07976978085935116,-8.510826851038953,3.7117928330403416
93,Louisiana Tech,-8.2,104.0,-6.747,1460.9,0.639,543.02,0.03,0.04,-0.010000000000000002,63.24,-8.2,-6.747,-1.3033333333333303,4.4147058823529415,-4.746445170781132,-3.7732621371471065,-2.5133202856514325,-4.916220340841612,22.2,30.4,104.0,0.0,,"Unlucky (-0.10 wins vs. expected, adj=+0.2pts)",-0.09573394060134888,-6.900456198983333,1.9842358581417212
94,Washington State,-5.6,88.0,-7.306,1523.2,0.913,630.29,0.0,0.11,-0.11,63.81,-5.6,-7.306,0.7733333333333349,9.894705882352943,-1.534927323843501,-3.404381810395025,-4.920247415560508,-4.947949909718596,19.8,25.3,88.0,0.0,New HC: Kirby Moore (first_time_hc) | adj=-1.0pts,"Unlucky (-0.04 wins vs. expected, adj=+0.1pts)",-0.03892078995704651,-3.6589451852350408,-1.2890047244835552
95,Utah State,-9.3,106.0,-6.961,1465.8,0.652,543.98,-0.05,0.03,-0.08,60.19,-9.3,-6.961,-1.1400000000000015,4.674705882352942,-4.711117370471057,-5.747095464504735,-4.198169276587785,-5.155366508960773,20.8,29.7,106.0,0.0,,"Unlucky (-0.39 wins vs. expected, adj=+1.0pts)",-0.3916977047920227,-5.772521162059346,0.6171546530985728
96,Old Dominion,-7.0,97.0,-9.977,1571.4,0.092,544.25,-0.08,-0.01,-0.07,58.01,-7.0,-9.977,2.380000000000003,-6.525294117647058,-4.70118142663385,-7.157900924714447,-3.9574765635968774,-5.233045999019949,19.1,25.6,97.0,0.0,,"Unlucky (-0.70 wins vs. expected, adj=+1.7pts)",-0.6963947638869286,-4.376497161861735,-0.856548837158214
97,East Carolina,-5.6,88.0,-4.112,1570.6,0.136,623.79,0.15,0.02,0.13,62.26,-5.6,-4.112,2.3533333333333304,-5.645294117647058,-1.7741259717762914,-4.407477435773494,0.8563776962212724,-5.314712368353736,22.1,27.5,88.0,0.0,,"Lucky (+0.51 wins vs. expected, adj=-1.3pts)",0.5076586306095123,-2.0792413767569005,-3.2354709915968356
98,Boston College,-4.9,85.0,-4.807,1414.2,0.156,660.0,-0.05,0.03,-0.08,63.79,-4.9,-4.807,-2.8599999999999985,-5.2452941176470596,-0.4416055038306998,-3.4173249797547496,-4.198169276587785,-5.497540428784755,22.8,28.0,85.0,0.0,,"Lucky (+0.52 wins vs. expected, adj=-1.3pts)",0.5205404162406921,-2.199434780007174,-3.298105648777581
99,Stanford,-7.4,100.0,-5.727,1425.6,0.213,705.81,0.21,0.29,-0.07999999999999999,66.29,-7.4,-5.727,-2.480000000000003,-4.105294117647059,1.244192967215625,-1.799428809789478,-4.198169276587785,-5.680843824029338,20.8,27.8,100.0,0.0,New HC: Tavita Pritchard (first_time_hc) | adj=-1.0pts,"Lucky (+0.06 wins vs. expected, adj=-0.2pts)",0.06293570250272751,-2.553820066191226,-3.1270237578381126
100,App State,-6.3,94.0,-5.571,1372.8,0.379,621.61,0.18,0.1,0.07999999999999999,61.44,-6.3,-5.571,-4.240000000000001,-0.7852941176470585,-1.8543495183137484,-4.938147379522102,-0.3470858687332654,-5.742519680992428,23.4,30.1,94.0,0.0,,"Lucky (+0.29 wins vs. expected, adj=-0.7pts)",0.28830447793006897,-8.700193743406754,2.957674062414325
101,Georgia Southern,-7.7,102.0,-7.372,1388.0,0.058,634.19,0.14,0.14,0.0,60.13,-7.7,-7.372,-3.7333333333333334,-7.205294117647059,-1.3914081350838237,-5.7859249725838975,-2.272627572660525,-6.132787780004732,22.7,30.4,102.0,0.0,,"Unlucky (-0.13 wins vs. expected, adj=+0.3pts)",-0.1278378963470459,-8.120924886029268,1.9881371060245359
102,Troy,-6.2,93.0,-8.591,1431.0,0.353,596.19,0.02,0.04,-0.02,58.87,-6.2,-8.591,-2.3,-1.305294117647059,-2.789800230690905,-6.601344642246396,-2.75401299864234,-6.193901104896174,22.5,28.8,93.0,0.0,,,-0.013973355293273926,-6.176215462765139,-0.01768564213103474
103,Florida Atlantic,-7.4,100.0,-8.242,1334.2,0.684,593.36,0.17,0.16,0.010000000000000009,61.55,-7.4,-8.242,-5.5266666666666655,5.314705882352943,-2.893943642021645,-4.86695994804363,-2.0319348596696174,-6.221070656494682,26.4,34.2,100.0,0.0,,"Lucky (+0.16 wins vs. expected, adj=-0.4pts)",0.15540575236082077,-6.4355406425863935,0.21446998609171164
104,Coastal Carolina,-10.2,109.0,-11.766,1290.2,0.154,573.96,0.16,0.15,0.010000000000000009,56.59,-10.2,-11.766,-6.993333333333331,-5.285294117647059,-3.607859606621049,-8.076865949254715,-2.0319348596696174,-6.275859675864744,23.1,32.9,109.0,0.0,New HC: Ryan Beard (experienced_hc) | adj=+0.5pts,"Unlucky (-0.93 wins vs. expected, adj=+2.3pts)",-0.9326453544199467,-10.083247560791238,3.8073878849264933
105,Tulane,-5.6,88.0,-2.184,1539.8,0.21,665.11,0.1,0.17,-0.07,64.22,-5.6,-2.184,1.326666666666665,-4.165294117647059,-0.25355856676353644,-3.139046838520724,-3.9574765635968774,-6.877142925121114,21.6,27.6,88.0,0.0,New HC: Will Hall (experienced_hc) | adj=-1.5pts,"Lucky (+0.83 wins vs. expected, adj=-2.1pts)",0.8328941464424133,-2.904892899499132,-3.972250025621982
106,South Alabama,-12.1,111.0,-8.826,1418.7,0.786,573.38,0.19,0.32,-0.13,59.59,-12.1,-8.826,-2.7099999999999986,7.354705882352942,-3.6292034859750535,-6.135390545296395,-5.401632841542322,-7.414505600792404,24.2,35.7,111.0,0.0,,"Unlucky (-0.03 wins vs. expected, adj=+0.1pts)",-0.030883729457855225,-8.86042857269959,1.4459229719071853
107,Hawai'i,-7.1,98.0,-11.142,1414.6,0.645,556.82,0.04,0.21,-0.16999999999999998,55.87,-7.1,-11.142,-2.84666666666667,4.534705882352942,-4.238608041323822,-8.542820046204715,-6.364403693505951,-7.59048740731837,23.1,30.7,98.0,0.0,,,0.0023622997105121613,-2.7775742340353093,-4.812913173283061
108,Nevada,-9.6,108.0,-8.475,1345.5,0.355,549.99,0.08,0.14,-0.06000000000000001,56.55,-9.6,-8.475,-5.15,-1.265294117647059,-4.489950620613201,-8.102752287974164,-3.71678385060597,-7.629412308429975,18.7,28.7,108.0,0.0,,"Unlucky (-0.09 wins vs. expected, adj=+0.2pts)",-0.09329224471002817,-9.204217495302183,1.574805186872208
109,Arkansas State,-9.5,107.0,-9.898,1402.7,0.3,606.22,0.1,0.17,-0.07,58.53,-9.5,-9.898,-3.243333333333332,-2.3652941176470588,-2.420698317034616,-6.8213785213616696,-3.9574765635968774,-7.717240443580045,23.7,33.3,107.0,0.0,,,0.009556233882904053,-8.157950738075069,0.4407102944950241
110,Delaware,-8.1,103.0,-8.945,1431.3,0.849,483.48,0.11,0.11,0.0,58.8,-8.1,-8.945,-2.2900000000000014,8.614705882352942,-6.93750478584549,-6.646645735005423,-2.272627572660525,-8.389693441221109,24.5,32.3,103.0,0.0,,"Lucky (+0.78 wins vs. expected, adj=-2.0pts)",0.7819824367761612,-7.331982225493237,-1.0577112157278714
111,Sam Houston,-16.3,121.0,-11.924,1215.9,0.577,554.47,0.07,0.07,0.0,55.81,-16.3,-11.924,-9.469999999999997,3.1747058823529404,-4.325087552499523,-8.58164955428388,-2.272627572660525,-9.204510499518417,18.3,34.2,121.0,0.0,,"Unlucky (-0.63 wins vs. expected, adj=+1.6pts)",-0.6295318603515625,-16.369006117342185,7.164495617823768
112,Ohio,-12.7,114.0,-9.993,1533.5,0.625,522.84,0.24,0.3,-0.06,56.99,-12.7,-9.993,1.1166666666666667,4.134705882352941,-5.4890649731324705,-7.818002562060274,-3.7167838506059696,-9.277731428934516,16.9,29.1,114.0,0.0,New HC: John Hauser (interim),"Lucky (+0.38 wins vs. expected, adj=-0.9pts)",0.37667912244796753,-7.341405497855029,-1.9363259310794865
113,Kennesaw State,-12.5,113.0,-11.164,1381.3,0.061,502.86,0.11,0.21,-0.09999999999999999,58.0,-12.5,-11.164,-3.9566666666666683,-7.145294117647058,-6.224324817085879,-7.1643725093943065,-4.6795547025696,-9.291316322609063,19.9,31.9,113.0,0.0,,,-0.019239976070821285,-8.887218679245834,-0.4040976433632295
114,Georgia State,-19.6,128.0,-7.358,1323.2,0.465,573.83,0.25,0.05,0.2,60.56,-19.6,-7.358,-5.893333333333332,0.9347058823529419,-3.612643579579704,-5.507646831349872,2.541226687157625,-9.339788911751956,20.2,39.2,128.0,0.0,,,-0.0007276991382241249,-15.814987009403414,6.475198097651457
115,Rice,-14.9,116.0,-13.954,1233.7,0.394,589.89,0.08,0.16,-0.08,54.63,-14.9,-13.954,-8.876666666666665,-0.4852941176470582,-3.021638920225766,-9.345296546507486,-4.198169276587785,-9.545767342721426,16.9,32.1,116.0,0.0,,"Unlucky (-0.70 wins vs. expected, adj=+1.8pts)",-0.7001323401927948,-11.122515783776024,1.5767484410545975
116,Florida International,-12.3,112.0,-11.821,1401.4,0.316,607.56,0.01,0.0,0.01,54.4,-12.3,-11.821,-3.2866666666666635,-2.0452941176470585,-2.3713865957684748,-9.494142994144292,-2.031934859669618,-9.7072711668621,19.5,31.6,112.0,0.0,,,0.007624447345733643,-10.082464347203114,0.37519318034101445
117,Missouri State,-17.4,124.0,-12.219,1403.1,0.313,549.92,0.12,0.22,-0.1,54.83,-17.4,-12.219,-3.230000000000003,-2.1052941176470585,-4.492526606052479,-9.215864852910267,-4.6795547025696,-9.81835690370586,17.7,34.6,124.0,0.0,,"Unlucky (-0.57 wins vs. expected, adj=+1.4pts)",-0.5739017724990845,-11.421210215004187,1.6028533112983272
118,Southern Miss,-19.1,127.0,-11.774,1369.5,0.902,602.63,0.07,0.15,-0.07999999999999999,52.5,-19.1,-11.774,-4.35,9.674705882352942,-2.5528095702774967,-10.723744083317895,-4.198169276587785,-10.14540475596268,19.1,37.8,127.0,0.0,New HC: Blake Anderson (experienced_hc),"Unlucky (-0.54 wins vs. expected, adj=+1.4pts)",-0.54439377784729,-10.145624355197794,0.00021959923511438717
119,Western Kentucky,-16.5,122.0,-12.784,1428.5,0.837,611.52,-0.03,0.42,-0.44999999999999996,56.91,-16.5,-12.784,-2.3833333333333333,8.374705882352941,-2.2256594194894195,-7.869775239499165,-13.103799657251361,-10.215626839580175,20.2,37.1,122.0,0.0,,"Unlucky (-0.06 wins vs. expected, adj=+0.1pts)",-0.05881237983703613,-4.558010799329316,-5.657616040250859
120,San José State,-13.9,115.0,-13.233,1299.9,0.038,569.25,0.06,0.06,0.0,55.14,-13.9,-13.233,-6.669999999999997,-7.605294117647059,-3.7811866268923486,-9.015245727834571,-2.272627572660525,-10.95841132572819,17.1,30.8,115.0,0.0,,"Lucky (+0.03 wins vs. expected, adj=-0.1pts)",0.025048136711120605,-11.008403039817834,0.049991714089644645
121,Marshall,-11.0,110.0,-13.075,1492.1,0.988,594.71,0.24,0.35,-0.10999999999999999,55.6,-11.0,-13.075,-0.26333333333333636,11.394705882352941,-2.8442639228356024,-8.717552832560962,-4.920247415560507,-11.078029648989533,25.7,36.8,110.0,0.0,,"Lucky (+0.98 wins vs. expected, adj=-2.5pts)",0.9843292236328125,-5.612015314859479,-5.466014334130054
122,UAB,-17.0,123.0,-13.337,1299.8,0.796,606.18,0.04,0.11,-0.07,55.08,-17.0,-13.337,-6.673333333333335,7.554705882352942,-2.4221703087142052,-9.05407523591374,-3.9574765635968774,-11.51285646907595,19.5,36.1,123.0,0.0,New HC: Alex Mortensen (interim),"Lucky (+0.18 wins vs. expected, adj=-0.4pts)",0.1783272624015808,-11.973635374718263,0.4607789056423126
123,Wyoming,-15.0,118.0,-16.111,1361.1,0.23,528.29,0.16,0.12,0.04000000000000001,54.02,-15.0,-16.111,-4.6300000000000034,-3.7652941176470582,-5.288506106788825,-9.74006321197901,-1.309856720696895,-11.662686541858685,13.4,28.0,118.0,0.0,,"Unlucky (-0.06 wins vs. expected, adj=+0.1pts)",-0.05780518054962158,-9.079521465042305,-2.58316507681638
124,Middle Tennessee,-18.9,125.0,-13.965,1322.9,0.325,571.5,0.2,0.09,0.11000000000000001,51.64,-18.9,-13.965,-5.903333333333331,-1.8652941176470583,-3.698387094915614,-11.280300365785946,0.3749922702394577,-11.685157160006467,17.2,36.2,125.0,0.0,,"Unlucky (-0.42 wins vs. expected, adj=+1.1pts)",-0.4205595850944519,-15.49311517071156,3.807958010705093
125,Central Michigan,-14.9,116.0,-16.405,1344.1,0.54,540.01,0.0,0.2,-0.2,54.48,-14.9,-16.405,-5.19666666666667,2.434705882352942,-4.857212544670009,-9.442370316705405,-7.086481832478675,-11.925881443413601,14.9,29.6,116.0,0.0,,"Lucky (+0.11 wins vs. expected, adj=-0.3pts)",0.10726010799407959,-10.103399720041828,-1.822481723371773
126,New Mexico State,-15.7,119.0,-15.458,1300.9,0.244,460.38,0.09,0.19,-0.1,52.39,-15.7,-15.458,-6.636666666666664,-3.485294117647059,-7.787579980806639,-10.794931514796366,-4.6795547025696,-12.31373303705366,17.9,33.5,119.0,0.0,,"Unlucky (-0.05 wins vs. expected, adj=+0.1pts)",-0.048086412250995636,-12.537639308406952,0.22390627135329133
127,Massachusetts,-19.9,131.0,-8.345,1134.8,-0.567,525.94,0.3,-0.19,0.49,53.76,-19.9,-8.345,-12.173333333333336,-19.705294117647057,-5.374985617964523,-9.9083244136554,9.521315363893942,-12.390392411739601,14.9,34.5,131.0,0.0,,"Lucky (+0.04 wins vs. expected, adj=-0.1pts)",0.04015471879392862,-21.199639704798308,8.809247293058707
128,Eastern Michigan,-18.9,125.0,-18.688,1354.3,0.721,580.64,0.02,0.08,-0.06,51.51,-18.9,-18.688,-4.856666666666668,6.054705882352941,-3.3620369961301217,-11.364430966624141,-3.7167838506059696,-13.836428606436439,15.8,34.5,125.0,0.0,,"Lucky (+0.10 wins vs. expected, adj=-0.2pts)",0.09884947538375854,-11.041113601031494,-2.7953150054049445
129,Northern Illinois,-19.7,129.0,-18.102,1275.4,0.437,536.58,-0.08,0.27,-0.35000000000000003,50.52,-19.7,-18.102,-7.486666666666664,0.37470588235294144,-4.983435831194541,-12.005117849930382,-10.696872527342286,-14.6642446636954,14.3,33.8,129.0,0.0,New HC: Rob Harley (interim) | adj=-1.0pts,"Unlucky (-0.36 wins vs. expected, adj=+0.9pts)",-0.36187878251075745,-12.989372399709248,-1.6748722639861509
130,Akron,-20.8,132.0,-20.103,1267.7,0.918,546.84,-0.04,0.24,-0.27999999999999997,50.61,-20.8,-20.103,-7.743333333333331,9.994705882352942,-4.605869965380629,-11.946873587811636,-9.012023536405934,-14.793503528421184,13.4,33.6,132.0,0.0,,,-0.01803387701511383,-13.929116466974897,-0.864387061446287
131,Buffalo,-16.1,120.0,-18.619,1371.8,-0.008,549.31,-0.01,0.11,-0.12,46.84,-16.1,-18.619,-4.273333333333335,-8.525294117647059,-4.514974479166172,-14.386661012119255,-5.160940128551415,-14.84447130859205,14.3,30.9,120.0,0.0,,"Lucky (+0.16 wins vs. expected, adj=-0.4pts)",0.15807890892028809,-9.985477061395953,-4.858994247196097
132,Bowling Green,-22.0,134.0,-21.411,1304.9,-0.062,568.33,-0.15,0.24,-0.39,48.21,-22.0,-21.411,-6.50333333333333,-9.605294117647059,-3.8150424355228347,-13.500053910978291,-11.659643379305917,-15.181426446250828,11.9,34.2,134.0,0.0,,"Unlucky (-0.70 wins vs. expected, adj=+1.7pts)",-0.6971711665391922,-11.39197601269661,-3.7894504335542187
133,UTEP,-19.7,129.0,-20.424,1288.0,-0.011,585.76,-0.13,0.31,-0.44,50.38,-19.7,-20.424,-7.066666666666666,-8.58529411764706,-3.1736220611430617,-12.095720035448439,-12.863106944260457,-15.538937898322772,16.2,35.5,129.0,0.0,,"Unlucky (-0.03 wins vs. expected, adj=+0.1pts)",-0.03403005376458168,-13.89252962025241,-1.6464082780703624
134,Charlotte,-24.1,135.0,-18.565,1152.1,0.409,576.77,-0.1,0.15,-0.25,46.17,-24.1,-18.565,-11.59666666666667,-0.18529411764705905,-3.5044521911301056,-14.820257185669949,-8.289945397433211,-16.754758542249558,15.0,38.7,135.0,0.0,,"Unlucky (-0.09 wins vs. expected, adj=+0.2pts)",-0.08815495669841766,-15.090483225758303,-1.6642753164912545
135,Kent State,-24.8,137.0,-21.591,1231.1,0.641,522.83,0.05,0.12,-0.06999999999999999,48.62,-24.8,-21.591,-8.963333333333336,4.4547058823529415,-5.489432971052367,-13.23471893910399,-3.9574765635968774,-17.024987621070085,13.7,38.0,137.0,0.0,,"Lucky (+0.03 wins vs. expected, adj=-0.1pts)",0.031844377517700195,-15.065592108078496,-1.9593955129915894
136,Sacramento State,-20.9,133.0,-27.65,1439.6,,561.42,-0.09,0.13,-0.22,43.1,-20.9,-27.65,-2.0133333333333363,0.0,-4.069328998171389,-16.807033682387296,-7.56786725846049,-17.635970972595974,13.8,34.6,133.0,0.0,,"Unlucky (-0.25 wins vs. expected, adj=+0.6pts)",-0.24799802526831627,-15.319713208130825,-2.316257764465149
137,Ball State,-24.3,136.0,-23.271,1187.7,0.057,563.88,0.07,0.29,-0.21999999999999997,45.92,-24.3,-23.271,-10.409999999999998,-7.225294117647058,-3.9788015098768237,-14.982046802666476,-7.567867258460489,-18.446520954774638,13.5,37.2,136.0,0.0,,"Unlucky (-0.03 wins vs. expected, adj=+0.1pts)",-0.026567935943603516,-16.455638711174593,-1.9908822436000442
138,UL Monroe,-28.0,138.0,-24.568,1134.8,0.387,505.49,-0.08,0.28,-0.36000000000000004,45.3,-28.0,-24.568,-12.173333333333336,-0.6252941176470583,-6.127541364153073,-15.383285052817865,-10.937565240333196,-19.456769118074988,13.1,40.5,138.0,0.0,,"Unlucky (-0.19 wins vs. expected, adj=+0.5pts)",-0.18971688859164715,-17.147846525940366,-2.3089225921346213
