team,preseason_composite
Ohio State,23.257261908105743
Oregon,21.198339191568273
Notre Dame,20.490477224648625
Georgia,19.560249449715663
Indiana,19.19082474871149
Texas,19.049915463758644
Miami,16.848837788967803
LSU,16.74862248457289
Texas Tech,15.92404414463286
Texas A&M,15.80532921408106
Michigan,14.812069013219014
Oklahoma,14.372335403562566
Alabama,14.283255733971792
Florida,13.816978712608327
USC,13.017833862997415
Tennessee,12.249240274110782
Penn State,11.985083340060338
Ole Miss,10.78431277425983
Washington,10.736571133909527
BYU,10.724397525545514
Missouri,10.498475667828542
Auburn,10.379038285425072
Iowa,10.10042416092916
South Carolina,9.696355001663484
Clemson,9.692534373224696
SMU,9.296987508797745
Virginia Tech,8.061850931587646
Louisville,8.044878390860177
Vanderbilt,7.467323559702074
Nebraska,6.992490116982809
Arizona,6.519299753489258
Illinois,6.500026193988132
Virginia,6.261459666027078
Florida State,6.224590343119137
Utah,6.023937506721909
Houston,5.950530143568539
TCU,5.343877191439448
Pittsburgh,5.235437418899244
Kansas State,4.510039096994918
Wisconsin,4.482359587247116
Baylor,3.9767305021715584
Minnesota,3.9567219557770863
Arizona State,3.9354376359665117
Mississippi State,3.9323295847801933
Georgia Tech,3.9190811683856555
Northwestern,3.8612658241592976
Oklahoma State,3.741977092676908
UCLA,3.3156134031072853
Arkansas,3.2783355722798273
Boise State,3.099733289273852
Duke,3.090066273712242
Michigan State,2.9977769193341715
Kentucky,2.880950968780997
NC State,2.7945330793137586
Maryland,2.6498593817941334
North Carolina,2.5342057293511733
Kansas,2.3650704986398066
Wake Forest,2.3235021794235386
Cincinnati,1.9050901969214853
Rutgers,1.5566765832547744
UCF,1.3513392599962026
Colorado,1.139288599426533
San Diego State,0.6175403250591345
California,0.5077785753710069
UNLV,0.29768013757029643
West Virginia,-0.10080719438687705
Purdue,-0.8269832782275736
Navy,-0.9084305892291281
Memphis,-0.9180772825766732
Syracuse,-1.0606459904115257
North Dakota State,-1.5470514892521636
New Mexico,-1.5804485406715596
UTSA,-1.7267562069977198
East Carolina,-2.0792413767569005
Texas State,-2.132278675668456
Boston College,-2.199434780007174
Fresno State,-2.2597509660435757
Iowa State,-2.4056785694784386
Stanford,-2.5538200661912254
Army,-2.581947097781117
Hawai'i,-2.7775742340353093
Tulane,-2.904892899499132
South Florida,-3.257206902971797
James Madison,-3.2935423837982567
Washington State,-3.6589451852350408
Western Michigan,-3.695137514558341
Air Force,-4.329267369712504
Old Dominion,-4.376497161861735
Western Kentucky,-4.558010799329316
Liberty,-5.064295716611198
Miami (OH),-5.100437057327188
Marshall,-5.612015314859479
Toledo,-5.632943163883477
Utah State,-5.772521162059346
Troy,-6.176215462765139
Tulsa,-6.366978711087526
Florida Atlantic,-6.4355406425863935
North Texas,-6.656115652308747
Oregon State,-6.824344574215103
Louisiana,-6.831702969409758
Louisiana Tech,-6.900456198983333
Temple,-7.116441377968914
Delaware,-7.331982225493237
Ohio,-7.341405497855029
Jacksonville State,-7.497595189585829
Colorado State,-7.947432477154811
Georgia Southern,-8.120924886029268
Arkansas State,-8.157950738075069
UConn,-8.510826851038953
App State,-8.700193743406754
South Alabama,-8.86042857269959
Kennesaw State,-8.887218679245834
Wyoming,-9.079521465042305
Nevada,-9.204217495302185
Buffalo,-9.985477061395953
Florida International,-10.082464347203114
Coastal Carolina,-10.083247560791238
Central Michigan,-10.103399720041827
Southern Miss,-10.145624355197794
San José State,-11.008403039817834
Eastern Michigan,-11.041113601031494
Rice,-11.122515783776025
Bowling Green,-11.39197601269661
Missouri State,-11.421210215004187
UAB,-11.973635374718263
New Mexico State,-12.537639308406952
Northern Illinois,-12.989372399709247
UTEP,-13.89252962025241
Akron,-13.929116466974895
Kent State,-15.065592108078496
Charlotte,-15.090483225758305
Sacramento State,-15.319713208130823
Middle Tennessee,-15.49311517071156
Georgia State,-15.814987009403414
Sam Houston,-16.369006117342185
Ball State,-16.455638711174593
UL Monroe,-17.147846525940366
Massachusetts,-21.199639704798308
