team,elo
Indiana,2098.3
Notre Dame,2025.0
Ohio State,1943.4
Georgia,1911.7
Texas Tech,1895.8
Miami,1873.2
Oregon,1857.7
Utah,1855.9
Texas,1838.6
Iowa,1829.1
Ole Miss,1817.6
Penn State,1810.2
James Madison,1806.5
Alabama,1790.2
USC,1769.3
Washington,1755.9
Vanderbilt,1755.7
SMU,1741.5
Texas A&M,1722.8
South Florida,1720.0
Tennessee,1717.4
Michigan,1714.7
BYU,1709.3
LSU,1702.1
Oklahoma,1699.0
Louisville,1691.5
Missouri,1674.5
Florida,1664.7
Clemson,1662.2
North Texas,1649.9
Kansas State,1648.1
Auburn,1646.3
Arizona,1644.3
Duke,1643.3
Virginia,1637.9
UTSA,1637.4
Pittsburgh,1628.1
South Carolina,1622.9
Boise State,1615.0
Nebraska,1612.0
TCU,1610.7
Toledo,1610.4
Texas State,1609.6
Iowa State,1606.5
South Carolina State,1598.3
Arizona State,1595.9
Stephen F. Austin,1587.7
Northwestern,1585.3
NC State,1584.2
Army,1583.9
Jackson State,1583.3
CSU Pueblo,1582.3
Illinois,1581.9
Minnesota State,1580.4
Lake Forest,1580.0
South Dakota State,1579.8
Grand Valley State,1579.0
Calvin,1578.7
Baldwin Wallace,1578.2
Harding,1577.3
Austin Peay,1575.7
Salisbury,1575.6
SUNY Cortland,1575.4
Montana State,1574.1
North Dakota State,1572.8
Hope,1572.7
John Carroll,1572.1
Wabash,1572.1
Kutztown,1571.7
Old Dominion,1571.4
Ferris State,1571.0
Western Colorado,1570.7
East Carolina,1570.6
Lehigh,1569.6
Henderson State,1569.4
Heidelberg,1568.9
Wisconsin Platteville,1567.5
Wisconsin Whitewater,1566.5
Arkansas,1565.8
Tennessee Tech,1565.5
Idaho State,1565.5
Trinity (TX),1565.0
Davenport,1563.6
Utica,1562.9
UNLV,1562.7
Tarleton State,1562.6
Endicott,1561.6
Baylor,1561.3
Wheaton (IL),1561.2
Walsh,1560.7
Cincinnati,1560.5
Concordia Chicago,1560.5
Fresno State,1560.3
Emporia State,1560.1
Mass Maritime,1559.4
Hillsdale,1559.3
Ithaca,1559.3
Florida State,1557.6
Salve Regina,1557.6
Roosevelt,1557.5
Wisconsin Eau Claire,1557.3
Wisconsin,1557.2
Mount St Joseph,1557.1
IU Pennsylvania,1556.9
Saint John's (MN),1556.5
Alabama A&M,1556.3
Butler,1555.8
Wisconsin River Falls,1555.7
Dayton,1555.4
Minnesota,1554.9
Allegheny,1554.1
Northwood,1554.1
Valdosta State,1553.7
Houston,1552.5
Concordia (WI),1552.4
Alfred State,1552.3
East Central,1551.0
Mars Hill,1550.9
South Dakota Mines,1550.8
Memphis,1550.1
Christopher Newport,1550.0
Washington St. Louis,1549.9
Brockport,1549.9
Concordia (MN),1549.7
North Greenville,1549.4
Illinois State,1549.2
Benedict,1549.2
Black Hills State,1548.5
UNC Pembroke,1547.7
Bridgewater State,1547.7
Western Michigan,1547.3
Wake Forest,1547.0
North Central College,1547.0
Brevard,1546.7
Benedictine (IL),1546.6
Franklin & Marshall,1546.2
Northern State,1545.8
North Dakota,1545.7
St. Thomas (MN),1545.3
Ohio Northern,1545.2
Colgate,1544.8
Marietta,1544.7
Denison,1544.5
Virginia State,1544.0
St. John Fisher,1543.5
Mississippi State,1543.0
Central Missouri,1542.2
Carson Newman,1541.9
Shepherd,1541.8
Georgia Tech,1541.7
Wayne State (NE),1541.4
Wesleyan (CT),1541.2
Bethel (MN),1540.9
Ursinus,1540.9
Merchant Marine,1540.0
Stevenson,1539.9
Tulane,1539.8
Hiram,1539.3
Anderson (SC),1539.3
Alabama State,1538.9
Virginia Union,1538.7
East Stroudsburg,1538.0
George Fox,1537.9
Springfield,1537.7
Berry,1537.4
Lewis & Clark,1537.4
Kentucky,1536.6
Northwest Missouri State,1536.4
Edward Waters,1535.1
Youngstown State,1535.0
Hardin Simmons,1535.0
Eastern,1534.8
Trinity (CT),1534.7
William Jewell,1534.7
Texas Lutheran,1534.6
Misericordia,1534.5
DePauw,1534.5
Midwestern State,1534.1
Carroll (WI),1534.0
Southeastern Oklahoma State,1533.7
Ohio,1533.5
Cal Lutheran,1533.5
Clarion,1532.8
Elon,1532.3
Campbell,1532.2
Saint Vincent,1531.7
Slippery Rock,1531.5
West Liberty,1531.5
Vermont State Castleton,1531.3
Illinois Wesleyan,1531.2
Shaw,1530.8
Norfolk State,1530.4
Johnson C. Smith,1530.1
Findlay,1529.7
Amherst,1529.7
Williams,1529.6
Augustana (SD),1529.4
UCF,1528.9
New Mexico,1528.2
UT Rio Grande Valley,1527.7
Morgan State,1527.5
Newberry,1527.5
North Alabama,1526.2
Virginia Tech,1526.1
UT Permian Basin,1525.9
Luther,1525.5
Richmond,1525.3
Columbia,1525.2
Central Washington,1525.1
MIT,1524.8
LaGrange,1524.7
Kentucky State,1524.6
Muhlenberg,1524.5
Mayville State,1524.3
Washington & Jefferson,1524.3
Pace,1524.2
Roanoke College,1523.9
Trine,1523.5
Howard Payne,1523.5
Framingham State,1523.3
Minnesota St Moorhead,1523.3
Washington State,1523.2
West Florida,1522.8
UC Davis,1522.8
Averett,1522.6
Northern Iowa,1522.3
Shenandoah,1522.2
Susquehanna,1522.2
Harvard,1522.1
Marist,1522.0
Kansas,1521.9
Shorter,1521.7
Hanover,1521.7
Tiffin,1521.6
Randolph Macon,1521.3
Loras,1521.3
Chattanooga,1521.0
Millsaps,1520.5
Dickinson,1519.7
Rose Hulman,1519.6
Michigan Tech,1519.5
East Texas Baptist,1519.4
Chapman,1519.2
Minnesota Duluth,1519.2
Bethel University Tennessee,1518.7
Delaware State,1518.6
Kean,1518.3
Westminster (MO),1518.1
Bloomsburg,1518.0
Case Western Reserve,1517.8
Mercer,1517.4
West Chester,1517.0
Rowan,1516.5
Bryant,1516.2
North Carolina Wesleyan,1515.9
Rensselaer,1515.7
Arkansas-Pine Bluff,1515.6
Gettysburg,1515.5
Tusculum,1515.5
Washburn,1515.3
Grambling,1515.1
Augustana (IL),1515.1
East Tennessee State,1515.0
Macalester,1515.0
Northern Arizona,1514.8
Monmouth (IL),1514.6
West Alabama,1514.5
Claremont Mudd Scripps,1514.4
Albright,1514.4
Wisconsin Stevens Point,1514.4
Rochester (NY),1514.2
Colorado School of Mines,1514.0
Hampden Sydney,1513.6
Union,1513.6
South Dakota,1513.5
Wheeling,1513.5
Olivet,1512.9
Montclair State,1512.8
Western Illinois,1512.8
Frostburg State,1512.7
Wayland Baptist,1512.6
Langston,1512.5
Wisconsin Oshkosh,1512.2
Mary Hardin Baylor,1512.1
Simpson (CA),1511.8
Eastern Oregon,1511.8
Dakota State University,1511.6
Saginaw Valley State,1511.2
California (PA),1511.1
Madonna,1510.9
Franklin Pierce,1510.4
Montana,1510.0
Southern Connecticut State,1509.2
Princeton,1509.2
Jacksonville State,1508.8
Sioux Falls,1508.7
Worcester State,1508.7
Schreiner,1508.7
Concordia St. Paul,1508.2
Bemidji State,1508.0
New Mexico Highlands,1507.9
Navy,1507.6
Norwich,1507.1
Quincy,1506.9
WPI,1506.6
Bethune-Cookman,1506.5
La Verne,1506.4
Southern Illinois,1506.3
Texas A&M-Kingsville,1506.0
Chicago,1505.8
Coe,1505.7
Assumption,1505.6
Concord,1504.9
Cornell,1503.5
Ouachita Baptist,1502.9
Furman,1502.6
Augsburg,1502.3
Incarnate Word,1501.9
Delaware Valley,1501.5
Coast Guard,1501.2
Azusa Pacific,1501.1
Northeastern State,1501.0
Hendrix,1500.9
Pennsylvania,1500.7
Lamar,1500.5
Geneva,1500.2
Washington and Lee,1500.1
Arkansas Tech,1500.0
Lincoln (MO),1499.9
Alvernia,1499.9
Wisconsin Stout,1499.9
Illinois College,1499.9
American International,1499.6
Whitworth,1499.6
Linfield,1499.3
Lake Erie,1499.3
Upper Iowa,1499.1
University of Mary,1499.1
Chowan,1499.1
Brown,1499.0
Erskine,1498.8
Anderson (IN),1498.3
Wingate,1498.1
Missouri Western,1498.1
McMurry,1498.1
Truman State,1498.0
Central College,1497.9
UConn,1497.7
Lenoir Rhyne,1497.6
St. Norbert,1497.5
Wilkes,1497.4
Allen,1497.0
Centre,1496.6
Western New England,1496.3
Davidson,1496.2
Lock Haven,1496.1
Charleston Southern,1496.0
Mount Union,1495.9
Fort Hays,1495.6
Oklahoma Panhandle,1495.0
Simpson (IA),1494.9
Lakeland,1494.9
Adrian,1494.7
Bentley,1494.7
Fayetteville State,1494.4
Bethany (WV),1494.1
McNeese,1493.4
Northern Colorado,1492.8
Greensboro,1492.7
Fitchburg State,1492.7
Hobart,1492.2
Marshall,1492.1
Tufts,1492.0
Monmouth,1491.3
Catawba,1491.3
Carleton,1491.3
Juniata,1490.8
Ashland,1490.8
Whittier,1490.6
Widener,1490.5
Southeast Missouri State,1490.4
Curry,1490.2
Buena Vista,1489.8
Wartburg,1489.7
Wisconsin La Crosse,1489.5
Edinboro,1489.3
UMass Dartmouth,1489.2
Mount Mercy,1489.0
Western Oregon,1488.6
Ohio Dominican,1488.6
Southwest Baptist,1488.4
Grove City,1488.3
Southern Oregon,1488.2
Winona State,1488.2
Middlebury,1488.2
Johns Hopkins,1488.0
Central Oklahoma,1487.8
Valley City State,1487.8
Cal Poly,1487.7
Westfield State,1487.7
Oklahoma Baptist,1487.7
Alfred,1487.6
Saint Francis,1487.5
Manchester,1487.0
Florida Memorial University,1486.7
Yale,1486.5
Pomona Pitzer,1486.4
Colorado Mesa,1486.1
Millikin,1486.0
Carnegie Mellon,1485.9
Georgetown College Kentucky,1485.9
Villanova,1485.4
Capital,1485.2
Fort Lewis,1485.1
Western Connecticut State,1485.0
Sewanee,1485.0
San Diego State,1484.7
Pacific Lutheran,1484.7
Livingstone,1484.3
Gardner-Webb,1484.2
Charleston (WV),1484.2
Warner,1483.8
Keiser (Fl),1483.5
Grinnell,1483.3
Southern Virginia,1483.3
Plymouth State,1483.3
Louisiana Christian,1482.7
Westminster (PA),1481.9
Alcorn State,1481.6
Dubuque,1481.0
Bowdoin,1481.0
Stony Brook,1480.7
Angelo State,1480.7
SE Louisiana,1480.6
Shippensburg,1480.5
Wisconsin Lutheran,1480.2
Florida A&M,1480.1
Gustavus Adolphus,1479.7
Central Arkansas,1479.4
Otterbein,1478.9
Kalamazoo,1478.0
Willamette,1477.7
Central Methodist,1477.6
SUNY Maritime,1477.5
King's,1477.5
Dartmouth,1477.4
BLUEFIELD,1477.3
Liberty,1477.2
Western Carolina,1477.1
Elmhurst,1476.9
Southern,1476.7
Phoenix,1476.7
Methodist,1476.5
Tuskegee,1476.3
Southwestern Oklahoma State,1476.0
Prairie View A&M,1475.6
Ripon,1475.4
Saint Xavier,1475.1
Indianapolis,1475.0
Rutgers,1475.0
Indiana State,1475.0
Ohio Wesleyan,1474.7
Michigan State,1474.0
Arkansas Monticello,1473.9
Minnesota Morris,1473.8
Huntingdon,1473.4
Minot State,1473.0
Tennessee State,1472.6
Rocky Mountain,1472.6
Central State,1472.2
Austin,1472.1
Belhaven,1472.0
Guilford,1471.8
Sul Ross State,1471.7
Reinhardt,1471.6
Webber International,1471.6
Marian (IN),1471.0
Weber State,1470.5
William & Mary,1470.4
Bates,1470.4
Elgin,1470.3
Cetys University,1470.1
Moravian,1469.7
Lawrence Tech,1469.5
Wooster,1468.9
Aurora,1468.9
Howard,1468.9
Greenville,1468.8
Samford,1468.3
Abilene Christian,1468.2
Crown,1468.0
Hamilton,1467.9
Carthage,1467.9
Northwestern (IA),1467.3
UAlbany,1467.3
St. Francis (IL),1467.2
Georgetown,1467.0
Franklin,1466.6
Seton Hill,1466.2
The College of New Jersey,1466.2
Andrew,1466.1
Utah State,1465.8
Valparaiso,1465.4
Colby,1465.3
Fairmont State,1465.3
Lyon,1465.0
Albany State,1464.9
William Woods,1464.8
Alma,1464.5
Chicago State,1463.8
West Virginia State,1463.5
West Texas,1463.1
Northwestern (MN),1462.8
Houston Christian,1462.5
Knox,1462.3
West Virginia Wesleyan,1462.1
Hartwick,1462.0
Millersville,1461.9
Portland State,1461.8
Eastern Washington,1461.5
Nichols,1461.4
Wagner,1461.4
Southern Arkansas,1461.3
Kenyon,1460.9
Louisiana Tech,1460.9
Cornell (IA),1460.8
Thomas,1460.5
North Carolina Central,1460.3
Rhodes,1459.9
McDaniel,1459.7
Puget Sound,1459.5
Merrimack,1459.4
Barton,1459.1
Morehead State,1458.9
Lycoming,1458.8
Southwestern U,1458.8
North Park,1458.5
Idaho,1458.4
Lincoln (PA),1458.4
Air Force,1457.6
Texas Wesleyan,1457.6
Miles,1457.6
Arkansas Baptist,1457.4
University of Rio Grande,1457.1
Duquesne,1455.7
Kentucky Wesleyan,1454.8
Lafayette,1454.6
UCLA,1454.6
The Citadel,1454.5
SUNY Morrisville,1454.5
Miami (OH),1454.1
Maryland,1454.0
McKendree,1453.9
Robert Morris,1453.8
Eastern Kentucky,1453.0
Maryville (TN),1452.9
San Diego,1452.5
Lawrence,1452.5
Emory & Henry,1452.2
Ferrum,1452.2
Missouri Southern State,1452.1
Centenary (LA),1452.0
Nebraska Kearney,1451.6
William Paterson,1451.5
Martin Luther,1449.3
Wilmington (OH),1449.2
Pittsburg State,1449.0
Beloit,1449.0
Lackawanna,1448.9
Pacific (OR),1448.9
Morehouse,1448.9
Bucknell,1448.4
Fort Valley State,1448.3
Drake,1447.6
Apprentice School,1447.6
Clark Atlanta,1447.4
Hampton,1447.3
Waynesburg,1447.2
Rhode Island,1447.1
Rockford,1447.1
Hamline,1447.0
New England,1446.7
Delta State,1446.5
Missouri S&T,1446.3
Bluffton,1446.1
St. Lawrence,1444.9
Chadron State,1444.7
St. Scholastica,1444.5
New England College,1443.6
Bowie State,1443.6
Catholic,1443.3
Eastern New Mexico,1442.9
Husson,1442.7
Keystone,1442.2
Central Connecticut,1441.6
Elizabeth City State,1441.2
Redlands,1440.9
Eureka,1440.5
Nebraska Wesleyan,1439.8
Gannon,1439.8
St. Olaf,1439.7
Sacramento State,1439.6
Point University,1439.6
Wofford,1439.4
Oberlin,1438.5
Southern Nazarene,1438.4
New Haven,1438.2
Mississippi Valley State,1437.3
Stetson,1437.1
Dean,1436.9
California,1436.5
Bridgewater,1435.9
Albion,1434.9
Louisiana,1433.8
Maine Maritime,1432.8
Monroe,1432.3
Presbyterian,1432.2
Holy Cross,1432.1
Towson,1431.9
FDU Florham,1431.5
Delaware,1431.3
Southern Utah,1431.1
Troy,1431.0
UT Martin,1431.0
Wittenberg,1430.9
West Georgia,1430.8
Southwest Minnesota State,1430.3
Lebanon Valley,1430.2
Wayne State (MI),1429.0
Eastern Illinois,1428.9
Northern Michigan,1428.9
Kentucky Christian,1428.8
Western Kentucky,1428.5
Northwestern (OK),1428.4
UVA Wise,1428.3
Post,1427.8
Muskingum,1426.7
Saint Anselm,1425.9
North Carolina,1425.9
Stanford,1425.6
Nicholls,1425.4
Glenville State,1425.3
Texas Southern,1425.1
Gallaudet,1425.1
Western New Mexico,1423.6
Utah Tech,1423.1
Savannah State,1421.1
Lane College,1420.0
Thiel,1419.4
South Alabama,1418.7
Sacred Heart,1417.3
Colorado,1416.9
Thomas More,1416.9
East Texas A&M,1415.7
West Virginia,1415.6
Hawai'i,1414.6
Boston College,1414.2
Adams State,1413.1
New Hampshire,1412.7
Lindenwood,1411.6
Winston-Salem State,1411.6
Fordham,1410.2
Hilbert,1409.5
Virginia Lynchburg,1409.5
North Carolina A&T,1408.6
Jamestown,1407.9
Maine,1407.3
Buffalo State,1406.2
Missouri State,1403.1
Arkansas State,1402.7
Bluefield State,1402.4
Long Island University,1402.3
Florida International,1401.4
Mercyhurst,1397.3
Murray State,1395.3
Stonehill,1394.1
Northwestern State,1390.7
VMI,1388.9
Georgia Southern,1388.0
Kennesaw State,1381.3
App State,1372.8
Buffalo,1371.8
Southern Miss,1369.5
Wyoming,1361.1
Eastern Michigan,1354.3
Nevada,1345.5
Central Michigan,1344.1
Temple,1340.9
Oklahoma State,1339.7
Colorado State,1337.3
Florida Atlantic,1334.2
Purdue,1331.2
Syracuse,1324.9
Oregon State,1324.7
Georgia State,1323.2
Middle Tennessee,1322.9
Tulsa,1306.6
Bowling Green,1304.9
New Mexico State,1300.9
San José State,1299.9
UAB,1299.8
Coastal Carolina,1290.2
UTEP,1288.0
Northern Illinois,1275.4
Akron,1267.7
Rice,1233.7
Kent State,1231.1
Sam Houston,1215.9
Ball State,1187.7
Charlotte,1152.1
UL Monroe,1134.8
Massachusetts,1134.8
