year,team,conference,fpi,resumeRanks.strengthOfRecord,resumeRanks.fpi,resumeRanks.averageWinProbability,resumeRanks.strengthOfSchedule,resumeRanks.remainingStrengthOfSchedule,resumeRanks.gameControl,efficiencies.overall,efficiencies.offense,efficiencies.defense,efficiencies.specialTeams
2026,UAB,American Athletic,-13.337,93,122,128,98,81,127,34.605,25.526,47.443,56.256
2026,South Alabama,Sun Belt,-8.826,92,107,51,89,119,56,41.408,46.715,31.565,61.573
2026,Arkansas,SEC,2.16,58,60,95,5,4,65,47.452,38.452,58.38,53.977
2026,Arizona State,Big 12,3.044,41,57,44,32,53,25,69.456,45.926,83.652,53.831
2026,Arizona,Big 12,5.563,51,50,41,68,47,42,64.007,58.502,59.618,63.388
2026,San Diego State,Pac-12,-5.577,117,91,123,60,72,111,43.187,23.525,60.861,61.348
2026,California,ACC,-2.133,74,76,85,81,59,85,48.745,47.341,52.013,46.567
2026,Colorado,Big 12,-0.633,59,71,107,30,45,76,48.027,39.377,67.981,25.826
2026,Delaware,Conference USA,-8.945,89,108,105,58,128,94,43.892,42.144,45.973,53.16
2026,Jacksonville State,Conference USA,-8.486,101,105,64,124,134,115,43.382,51.495,41.269,42.052
2026,South Florida,American Athletic,-1.452,28,73,57,132,94,99,54.235,53.098,48.024,65.049
2026,Georgia Tech,ACC,0.004,113,66,76,69,29,80,53.836,48.657,49.532,68.221
2026,Georgia,SEC,28.296,8,1,1,88,22,2,94.59,90.958,89.066,69.853
2026,Boise State,Pac-12,11.096,31,29,42,31,88,27,72.871,71.668,63.23,58.048
2026,Iowa State,Big 12,3.988,91,55,62,36,52,59,67.299,52.933,72.021,58.396
2026,Massachusetts,Mid-American,-8.345,38,103,7,138,122,21,61.927,39.236,61.687,83.318
2026,Maryland,Big Ten,-1.69,86,74,94,95,24,105,45.591,36.643,62.602,39.506
2026,Michigan State,Big Ten,3.598,55,56,91,8,43,67,60.282,46.29,60.787,74.859
2026,Ole Miss,SEC,14.409,6,19,53,4,18,20,73.337,81.376,58.303,47.65
2026,Duke,ACC,10.899,10,30,17,103,46,33,77.902,58.21,83.903,64.297
2026,Wake Forest,ACC,5.989,17,48,68,13,68,39,67.869,68.068,58.067,60.748
2026,Rutgers,Big Ten,-3.653,133,84,120,102,23,131,44.155,46.096,45.786,45.912
2026,New Mexico,Mountain West,4.748,63,53,21,86,114,34,75.833,51.228,82.832,74.312
2026,Bowling Green,Mid-American,-21.411,135,134,137,39,111,126,12.885,5.913,43.096,31.806
2026,Miami (OH),Mid-American,-7.681,80,101,71,47,132,58,50.805,65.766,33.183,58.917
2026,Oklahoma State,Big 12,6.898,32,43,61,45,56,52,74.22,63.019,76.179,58.267
2026,Oregon State,Pac-12,-0.097,72,67,59,37,74,43,70.632,71.32,70.287,33.621
2026,Temple,American Athletic,-5.158,114,88,78,72,98,79,47.877,61.774,39.874,39.627
2026,Pittsburgh,ACC,13.455,22,22,8,119,49,16,78.178,68.427,72.993,70.164
2026,Vanderbilt,SEC,5.536,47,51,97,71,1,90,56.716,45.808,64.36,54.321
2026,Rice,American Athletic,-13.954,115,123,116,19,79,108,27.259,35.412,31.378,35.571
2026,Houston,Big 12,11.459,44,27,18,50,54,12,76.289,83.551,53.848,58.438
2026,Utah,Big 12,18.167,13,12,2,106,61,4,88.105,82.472,80.685,67.046
2026,James Madison,Sun Belt,5.899,26,49,5,123,118,6,77.325,64.079,65.906,86.033
2026,Washington State,Pac-12,-7.306,118,98,113,49,73,96,42.14,27.196,60.733,46.271
2026,Wisconsin,Big Ten,7.37,7,41,79,6,63,40,68.147,53.818,72.618,58.586
2026,Marshall,Sun Belt,-13.075,54,120,103,74,97,104,27.636,31.807,25.419,61.015
2026,West Virginia,Big 12,2.523,45,59,22,77,37,28,61.605,70.095,46.752,53.078
2026,Louisiana,Sun Belt,-3.043,57,82,38,73,127,46,59.684,35.538,82.296,46.552
2026,Coastal Carolina,Sun Belt,-11.766,130,114,106,111,83,122,38.959,29.521,51.025,54.154
2026,Texas State,Pac-12,-2.015,75,75,65,26,71,64,58.492,73.832,46.096,36.608
2026,Utah State,Pac-12,-6.961,108,95,126,35,70,112,38.023,22.904,60.354,44.585
2026,Alabama,SEC,24.643,3,6,23,46,6,14,90.851,87.269,84.146,63.62
2026,Kennesaw State,Conference USA,-11.164,125,113,110,55,125,116,40.612,31.113,48.14,63.429
2026,Army,American Athletic,-2.324,78,79,33,127,93,70,63.077,71.11,33.809,76.58
2026,Air Force,Mountain West,-5.34,81,89,87,130,99,118,43.455,52.27,41.114,37.166
2026,App State,Sun Belt,-5.571,62,90,45,115,107,73,54.173,61.985,49.962,38.191
2026,Arkansas State,Sun Belt,-9.898,99,109,100,101,117,106,41.186,42.004,45.639,43.585
2026,Ball State,Mid-American,-23.271,121,136,132,28,80,130,20.729,26.001,23.895,46.833
2026,Buffalo,Mid-American,-18.619,104,130,129,79,116,133,14.755,14.835,22.775,51.258
2026,UCF,Big 12,6.469,40,46,46,64,62,54,75.143,47.56,78.684,76.739
2026,Cincinnati,Big 12,7.055,19,42,55,114,32,88,66.013,65.908,54.851,64.697
2026,Florida Atlantic,American Athletic,-8.242,53,102,49,53,82,57,43.793,47.78,36.88,59.452
2026,Florida International,Conference USA,-11.821,106,116,75,126,115,113,33.762,18.162,70.042,32.729
2026,Georgia State,Sun Belt,-7.358,69,99,29,110,91,53,60.399,60.437,38.88,80.359
2026,Kent State,Mid-American,-21.591,85,135,111,11,120,91,19.663,16.759,42.583,27.053
2026,Liberty,Conference USA,-2.142,70,77,81,112,135,101,50.963,40.659,60.264,52.057
2026,Louisiana Tech,Sun Belt,-6.747,105,94,108,7,121,66,63.457,40.994,77.54,49.9
2026,Middle Tennessee,Conference USA,-13.965,110,124,84,136,108,124,34.801,31.29,46.336,43.416
2026,Charlotte,American Athletic,-18.565,135,129,135,66,84,134,19.738,13.755,36.961,43.483
2026,UL Monroe,Sun Belt,-24.568,135,137,136,82,112,135,15.262,26.516,20.251,27.041
2026,UNLV,Mountain West,-2.901,98,81,86,113,89,93,45.285,31.937,62.162,47.433
2026,Nevada,Mountain West,-8.475,131,104,93,133,76,129,40.142,33.008,46.189,60.521
2026,Northern Illinois,Mountain West,-18.102,135,128,138,44,109,132,19.047,19.426,45.622,12.768
2026,Purdue,Big Ten,-3.132,103,83,118,9,33,86,44.627,63.538,24.203,54.662
2026,Sam Houston,Conference USA,-11.924,124,117,99,56,124,92,49.007,41.905,60.026,42.911
2026,Southern Miss,Sun Belt,-11.774,128,115,122,75,105,120,31.216,23.305,48.699,43.844
2026,South Carolina,SEC,9.85,88,33,67,15,8,61,62.112,57.769,53.925,67.868
2026,Missouri State,Conference USA,-12.219,120,118,112,34,126,89,35.049,30.614,44.285,49.381
2026,TCU,Big 12,6.255,94,47,60,93,39,75,64.674,45.263,70.789,75.068
2026,Tennessee,SEC,18.208,35,11,28,38,21,26,80.835,68.86,82.924,56.942
2026,UTSA,American Athletic,-0.181,33,68,73,27,103,60,62.44,55.157,63.177,54.533
2026,Toledo,Mid-American,0.878,67,62,70,117,138,97,62.091,63.785,62.875,37.959
2026,Troy,Sun Belt,-8.591,100,106,80,94,87,83,37.695,32.487,54.244,37.877
2026,Tulane,American Athletic,-2.184,73,78,125,41,85,100,45.676,37.068,51.08,58.596
2026,San José State,Mountain West,-13.233,97,121,114,70,106,117,31.422,19.014,52.738,50.182
2026,Western Michigan,Mid-American,-2.793,82,80,82,51,131,72,54.076,39.237,58.621,69.803
2026,USC,Big Ten,14.792,29,18,20,61,9,23,74.345,86.003,38.722,67.288
2026,Colorado State,Pac-12,-6.612,95,93,96,87,75,98,49.611,69.532,30.145,44.011
2026,UConn,FBS Independents,-7.171,102,97,39,129,78,78,52.407,51.217,45.191,66.814
2026,Hawai'i,Mountain West,-11.142,132,112,124,128,86,136,28.136,25.727,34.387,58.678
2026,Northwestern,Big Ten,11.24,39,28,54,12,30,30,80.416,80.354,72.353,51.031
2026,Indiana,Big Ten,24.412,15,7,11,109,31,19,87.249,83.898,80.678,58.016
2026,Notre Dame,FBS Independents,27.822,12,2,9,99,55,7,94.512,80.454,96.582,60.52
2026,Louisville,ACC,10.798,68,31,74,40,64,63,71.106,76.741,57.76,54.484
2026,Western Kentucky,Conference USA,-12.784,109,119,133,1,123,95,27.316,34.319,27.721,44.856
2026,LSU,SEC,22.113,20,8,32,23,11,17,88.283,67.037,96.185,51.008
2026,East Carolina,American Athletic,-4.112,90,85,104,33,100,109,48.851,19.72,73.785,53.167
2026,Nebraska,Big Ten,15.952,21,14,15,120,20,24,81.344,74.577,81.252,48.679
2026,New Mexico State,Conference USA,-15.458,129,125,127,92,129,125,30.685,30.537,45.143,31.095
2026,Syracuse,ACC,0.564,107,63,77,57,50,68,59.352,45.374,72.486,51.325
2026,Ohio State,Big Ten,27.814,30,3,4,24,7,1,89.633,86.398,86.814,41.63
2026,Kentucky,SEC,9.445,11,36,31,10,16,11,76.768,68.012,76.761,51.913
2026,Ohio,Mid-American,-9.993,96,111,115,65,136,119,42.904,50.025,25.905,78.05
2026,Oklahoma,SEC,13.859,49,21,90,3,10,45,72.795,38.367,90.99,53.621
2026,Penn State,Big Ten,15.646,64,15,12,118,60,15,78.728,54.926,88.019,58.718
2026,Florida State,ACC,6.593,87,45,52,25,25,47,60.018,70.287,35.244,75.996
2026,Florida,SEC,19.25,2,10,10,42,12,5,88.028,88.664,65.891,78.931
2026,Clemson,ACC,7.389,24,40,101,22,51,74,59.685,28.122,74.882,74.139
2026,North Texas,American Athletic,0.116,77,64,83,29,102,69,61.819,76.901,52.718,23.309
2026,Texas,SEC,26.907,1,4,35,2,14,8,89.699,65.163,95.58,59.075
2026,BYU,Big 12,14.915,25,17,14,116,40,22,84.9,81.814,72.272,72.103
2026,Virginia Tech,ACC,8.885,23,38,13,122,41,18,75.633,65.418,63.701,82.036
2026,Fresno State,Pac-12,-0.884,60,72,72,90,77,81,53.742,38.142,56.86,73.814
2026,Georgia Southern,Sun Belt,-7.372,119,100,92,76,104,84,43.566,44.31,58.195,23.966
2026,Old Dominion,Sun Belt,-9.977,126,110,119,85,110,121,30.171,10.678,63.441,37.51
2026,Akron,Mid-American,-20.103,127,132,130,91,130,128,20.63,28.298,25.98,34.569
2026,Central Michigan,Mid-American,-16.405,83,127,121,17,137,110,20.818,11.344,44.157,41.473
2026,Eastern Michigan,Mid-American,-18.688,123,131,88,100,113,114,23.128,20.15,42.384,30.639
2026,Iowa,Big Ten,12.754,5,25,37,67,34,41,81.168,57.225,89.537,62.873
2026,Michigan,Big Ten,13.275,36,23,47,63,17,62,67.526,61.619,73.884,35.388
2026,Kansas State,Big 12,9.664,56,34,27,104,66,44,77.089,68.772,73.89,63.623
2026,Miami,ACC,25.673,14,5,3,108,36,3,91.078,88.808,84.078,58.081
2026,Minnesota,Big Ten,1.787,43,61,34,83,26,48,65.088,41.506,68.33,81.244
2026,Oregon,Big Ten,21.729,18,9,58,18,28,31,84.086,73.833,78.87,72.113
2026,SMU,ACC,9.093,37,37,43,59,57,36,67.634,68.999,66.476,37.685
2026,Texas Tech,Big 12,16.977,9,13,25,96,65,37,71.721,52.446,77.89,61.571
2026,Missouri,SEC,9.605,42,35,40,62,3,38,66.228,48.918,71.218,65.211
2026,NC State,ACC,2.744,79,58,36,54,67,29,69.485,68.018,60.822,59.825
2026,North Carolina,ACC,5.278,46,52,26,52,27,10,67.291,55.732,73.512,42.84
2026,Tulsa,American Athletic,-4.884,52,87,69,105,95,82,54.185,39.096,67.822,42.412
2026,Texas A&M,SEC,15.085,65,16,89,21,15,71,66.406,44.513,76.882,69.516
2026,Memphis,American Athletic,0.021,48,65,50,78,101,51,55.903,76.742,36.845,41.757
2026,Virginia,ACC,11.806,66,26,16,121,58,49,75.084,62.311,82.844,45.069
2026,Washington,Big Ten,4.353,71,54,56,131,13,107,50.514,41.215,58.431,52.162
2026,Mississippi State,SEC,14.258,4,20,19,48,5,9,82.755,84.443,74.858,43.48
2026,Illinois,Big Ten,6.768,76,44,63,16,38,55,66.098,86.456,38.719,48.329
2026,Kansas,Big 12,-0.443,112,70,98,97,48,102,50.499,34.829,67.585,50.63
2026,North Dakota State,Mountain West,-0.384,34,69,6,135,96,13,67.633,41.547,78.11,72.482
2026,Auburn,SEC,13.039,27,24,48,43,2,50,71.49,62.407,72.54,49.939
2026,UTEP,Mountain West,-20.424,116,133,131,20,90,103,21.866,24.095,34.882,29.012
2026,Wyoming,Mountain West,-16.111,111,126,109,137,92,137,23.973,20.503,30.749,64.325
2026,Stanford,ACC,-5.727,61,92,117,14,35,87,39.534,43.587,41.523,43.564
2026,Baylor,Big 12,7.712,50,39,30,80,42,35,68.204,43.455,75.937,77.534
2026,Boston College,ACC,-4.807,84,86,66,84,19,77,36.013,22.01,63.535,30.679
2026,Navy,American Athletic,-7.079,122,96,102,134,69,123,33.475,41.726,22.951,64.884
2026,Sacramento State,Mid-American,-27.65,134,138,134,125,133,138,12.912,7.255,22.593,74.948
2026,UCLA,Big Ten,10.353,16,32,24,107,44,32,78.667,70.354,77.299,54.85
