homeTeam,awayTeam,homeTeam_raw,awayTeam_raw,commence_time,spread,overUnder,spread_book,total_book,home_ml,away_ml,best_home_spread,best_away_spread,best_home_ml,best_away_ml,best_over_total,best_under_total,books_available,commence_dt
Tulsa,North Texas,Tulsa Golden Hurricane,North Texas Mean Green,2026-10-02T01:00:00.000Z,-2.5,56.5,FanDuel,FanDuel,-140.0,116.0,-10.5,-2.5,-125.0,116.0,56.5,56.5,2,2026-10-02 01:00:00+00:00
Virginia Tech,Pittsburgh,Virginia Tech Hokies,Pittsburgh Panthers,2026-10-02T23:00:00.000Z,-6.0,53.5,DraftKings,DraftKings,-218.0,180.0,-8.5,-4.5,-194.0,186.0,53.5,43.5,3,2026-10-02 23:00:00+00:00
Northwestern,Penn State,Northwestern Wildcats,Penn State Nittany Lions,2026-10-03T00:00:00.000Z,4.5,48.5,DraftKings,DraftKings,154.0,-185.0,3.5,4.5,156.0,-167.0,48.5,47.5,3,2026-10-03 00:00:00+00:00
Air Force,Navy,Air Force Falcons,Navy Midshipmen,2026-10-03T16:00:00.000Z,-2.5,48.5,FanDuel,FanDuel,-134.0,112.0,-8.5,-2.5,-134.0,112.0,48.5,43.5,2,2026-10-03 16:00:00+00:00
UConn,Syracuse,UConn Huskies,Syracuse Orange,2026-10-03T16:00:00.000Z,7.5,52.5,FanDuel,FanDuel,235.0,-295.0,1.5,7.5,235.0,-295.0,52.5,52.5,2,2026-10-03 16:00:00+00:00
SMU,Boston College,SMU Mustangs,Boston College Eagles,2026-10-03T16:00:00.000Z,-20.5,57.5,FanDuel,FanDuel,-1800.0,920.0,-20.5,-17.5,-1800.0,920.0,57.5,57.5,2,2026-10-03 16:00:00+00:00
North Carolina,Notre Dame,North Carolina Tar Heels,Notre Dame Fighting Irish,2026-10-03T16:00:00.000Z,21.5,50.5,DraftKings,DraftKings,1100.0,-2100.0,21.5,21.5,1233.0,-1718.0,50.5,41.5,3,2026-10-03 16:00:00+00:00
Wake Forest,Stanford,Wake Forest Demon Deacons,Stanford Cardinal,2026-10-03T16:00:00.000Z,-12.5,54.5,FanDuel,FanDuel,-490.0,365.0,-12.5,-8.5,-490.0,365.0,54.5,43.5,2,2026-10-03 16:00:00+00:00
Mississippi State,Alabama,Mississippi State Bulldogs,Alabama Crimson Tide,2026-10-03T16:00:00.000Z,4.5,59.5,DraftKings,DraftKings,150.0,-180.0,3.5,8.5,156.0,-175.0,59.5,59.5,4,2026-10-03 16:00:00+00:00
Minnesota,Michigan,Minnesota Golden Gophers,Michigan Wolverines,2026-10-03T16:00:00.000Z,7.5,42.5,DraftKings,DraftKings,240.0,-298.0,6.5,8.5,240.0,-235.0,44.5,35.5,3,2026-10-03 16:00:00+00:00
Iowa State,West Virginia,Iowa State Cyclones,West Virginia Mountaineers,2026-10-03T16:00:00.000Z,2.5,52.5,FanDuel,FanDuel,-102.0,-118.0,2.5,3.5,-102.0,-118.0,52.5,52.5,2,2026-10-03 16:00:00+00:00
Houston,UCF,Houston Cougars,UCF Knights,2026-10-03T16:00:00.000Z,-10.5,50.5,FanDuel,FanDuel,-430.0,330.0,-17.5,-10.5,-430.0,355.0,50.5,50.5,2,2026-10-03 16:00:00+00:00
Georgia,Vanderbilt,Georgia Bulldogs,Vanderbilt Commodores,2026-10-03T16:00:00.000Z,-24.5,55.5,DraftKings,DraftKings,-3600.0,1500.0,-24.5,-24.5,-3600.0,1500.0,55.5,47.5,3,2026-10-03 16:00:00+00:00
Wisconsin,Michigan State,Wisconsin Badgers,Michigan State Spartans,2026-10-03T16:30:00.000Z,-10.0,44.5,DraftKings,DraftKings,-360.0,285.0,-10.5,-10.0,-360.0,350.0,44.5,44.5,3,2026-10-03 16:30:00+00:00
Ball State,Toledo,Ball State Cardinals,Toledo Rockets,2026-10-03T18:00:00.000Z,16.5,51.5,FanDuel,FanDuel,640.0,-1000.0,6.5,16.5,640.0,-1000.0,51.5,51.5,2,2026-10-03 18:00:00+00:00
UNLV,California,UNLV Rebels,California Golden Bears,2026-10-03T19:30:00.000Z,1.5,53.5,FanDuel,FanDuel,-110.0,-110.0,1.5,1.5,-110.0,-110.0,53.5,47.5,2,2026-10-03 19:30:00+00:00
Florida State,Virginia,Florida State Seminoles,Virginia Cavaliers,2026-10-03T19:30:00.000Z,3.0,51.5,DraftKings,DraftKings,124.0,-148.0,2.5,8.5,124.0,-134.0,51.5,51.5,3,2026-10-03 19:30:00+00:00
Tennessee,Auburn,Tennessee Volunteers,Auburn Tigers,2026-10-03T19:30:00.000Z,-7.5,56.5,DraftKings,DraftKings,-285.0,230.0,-8.5,-7.5,-277.0,257.0,56.5,47.5,3,2026-10-03 19:30:00+00:00
Georgia State,Old Dominion,Georgia State Panthers,Old Dominion Monarchs,2026-10-03T19:30:00.000Z,2.5,51.5,FanDuel,FanDuel,104.0,-125.0,1.5,2.5,104.0,-125.0,51.5,51.5,2,2026-10-03 19:30:00+00:00
NC State,Louisville,NC State Wolfpack,Louisville Cardinals,2026-10-03T19:30:00.000Z,5.5,58.5,FanDuel,FanDuel,168.0,-205.0,5.5,6.5,186.0,-205.0,58.5,58.5,2,2026-10-03 19:30:00+00:00
Missouri,Florida,Missouri Tigers,Florida Gators,2026-10-03T19:30:00.000Z,5.5,56.5,DraftKings,DraftKings,180.0,-218.0,2.5,5.5,180.0,-200.0,56.5,56.5,3,2026-10-03 19:30:00+00:00
Kent State,Ohio,Kent State Golden Flashes,Ohio Bobcats,2026-10-03T19:30:00.000Z,4.5,51.5,FanDuel,FanDuel,162.0,-196.0,3.5,4.5,162.0,-196.0,51.5,45.5,2,2026-10-03 19:30:00+00:00
Central Michigan,Akron,Central Michigan Chippewas,Akron Zips,2026-10-03T19:30:00.000Z,-5.5,46.5,FanDuel,FanDuel,-220.0,180.0,-5.5,-5.5,-220.0,180.0,46.5,46.5,2,2026-10-03 19:30:00+00:00
Iowa,Ohio State,Iowa Hawkeyes,Ohio State Buckeyes,2026-10-03T19:30:00.000Z,14.0,44.5,DraftKings,DraftKings,470.0,-650.0,14.0,14.5,530.0,-614.0,44.5,44.5,4,2026-10-03 19:30:00+00:00
James Madison,Marshall,James Madison Dukes,Marshall Thundering Herd,2026-10-03T19:45:00.000Z,-14.5,56.5,FanDuel,FanDuel,-710.0,490.0,-14.5,-14.5,-710.0,490.0,56.5,56.5,2,2026-10-03 19:45:00+00:00
Nebraska,Maryland,Nebraska Cornhuskers,Maryland Terrapins,2026-10-03T20:00:00.000Z,-14.5,52.5,FanDuel,FanDuel,-670.0,480.0,-14.5,-8.5,-670.0,480.0,52.5,52.5,2,2026-10-03 20:00:00+00:00
Illinois,Purdue,Illinois Fighting Illini,Purdue Boilermakers,2026-10-03T20:15:00.000Z,-9.5,59.5,FanDuel,FanDuel,-385.0,300.0,-9.5,-8.5,-385.0,300.0,59.5,59.5,2,2026-10-03 20:15:00+00:00
South Carolina,Kentucky,South Carolina Gamecocks,Kentucky Wildcats,2026-10-03T20:15:00.000Z,-3.5,51.5,DraftKings,DraftKings,-192.0,160.0,-8.5,-3.5,-188.0,160.0,52.5,51.5,3,2026-10-03 20:15:00+00:00
Colorado State,Oregon State,Colorado State Rams,Oregon State Beavers,2026-10-03T22:00:00.000Z,4.5,58.5,FanDuel,FanDuel,164.0,-200.0,1.5,4.5,164.0,-200.0,58.5,49.5,2,2026-10-03 22:00:00+00:00
Texas A&M,Arkansas,Texas A&M Aggies,Arkansas Razorbacks,2026-10-03T23:00:00.000Z,-15.5,51.5,FanDuel,FanDuel,-820.0,550.0,-15.5,-15.5,-820.0,550.0,51.5,51.5,2,2026-10-03 23:00:00+00:00
TCU,BYU,TCU Horned Frogs,BYU Cougars,2026-10-03T23:00:00.000Z,6.5,52.5,DraftKings,DraftKings,185.0,-225.0,6.5,6.5,203.0,-225.0,52.5,50.5,3,2026-10-03 23:00:00+00:00
Rice,UT San Antonio,Rice Owls,UTSA Roadrunners,2026-10-03T23:00:00.000Z,10.5,53.5,FanDuel,FanDuel,340.0,-450.0,10.5,10.5,340.0,-450.0,53.5,47.5,2,2026-10-03 23:00:00+00:00
South Alabama,Louisiana-Monroe,South Alabama Jaguars,Louisiana-Monroe Warhawks,2026-10-03T23:00:00.000Z,-14.5,54.5,FanDuel,FanDuel,-780.0,530.0,-20.5,-14.5,-780.0,530.0,54.5,54.5,2,2026-10-03 23:00:00+00:00
USC,Washington,USC Trojans,Washington Huskies,2026-10-03T23:30:00.000Z,-10.0,57.5,DraftKings,DraftKings,-375.0,295.0,-10.0,-8.5,-330.0,295.0,57.5,45.5,3,2026-10-03 23:30:00+00:00
Colorado,Texas Tech,Colorado Buffaloes,Texas Tech Red Raiders,2026-10-03T23:30:00.000Z,15.5,51.5,FanDuel,FanDuel,540.0,-800.0,15.5,15.5,545.0,-800.0,51.5,45.5,2,2026-10-03 23:30:00+00:00
South Florida,Temple,South Florida Bulls,Temple Owls,2026-10-03T23:30:00.000Z,-5.5,52.5,FanDuel,FanDuel,-220.0,180.0,-14.5,-5.5,-220.0,194.0,52.5,52.5,2,2026-10-03 23:30:00+00:00
Clemson,Miami,Clemson Tigers,Miami Hurricanes,2026-10-03T23:30:00+00:00,16.5,50.5,BetMGM,BetMGM,700.0,-1000.0,16.5,16.5,700.0,-900.0,50.5,49.5,2,2026-10-03 23:30:00+00:00
Rutgers,Indiana,Rutgers Scarlet Knights,Indiana Hoosiers,2026-10-04T00:00:00.0000000Z,23.5,54.5,DraftKings,DraftKings,1300.0,-2800.0,23.5,23.5,1300.0,-2800.0,54.5,54.5,2,2026-10-04 00:00:00+00:00
Arizona State,Baylor,Arizona State Sun Devils,Baylor Bears,2026-10-04T02:30:00.000Z,-4.5,50.5,FanDuel,FanDuel,-188.0,155.0,-4.5,-4.5,-188.0,155.0,50.5,45.5,2,2026-10-04 02:30:00+00:00
Arizona,Cincinnati,Arizona Wildcats,Cincinnati Bearcats,2026-10-04T03:00:00.000Z,-8.5,54.5,DraftKings,DraftKings,-285.0,230.0,-8.5,-7.5,-285.0,240.0,54.5,54.5,3,2026-10-04 03:00:00+00:00
Hawai'i,San José State,Hawaii Rainbow Warriors,San Jose State Spartans,2026-10-04T03:59:00.000Z,-3.5,57.5,FanDuel,FanDuel,-170.0,140.0,-3.5,-3.5,-170.0,140.0,57.5,49.5,2,2026-10-04 03:59:00+00:00
Alabama,Georgia,Alabama Crimson Tide,Georgia Bulldogs,2026-10-10T16:00:00.0000000Z,3.0,50.5,DraftKings,DraftKings,136.0,-162.0,2.5,3.0,136.0,-150.0,50.5,50.5,2,2026-10-10 16:00:00+00:00
Texas,Oklahoma,Texas Longhorns,Oklahoma Sooners,2026-10-10T16:00:00.0000000Z,-6.0,48.5,DraftKings,DraftKings,-218.0,180.0,-6.0,-6.0,-218.0,180.0,48.5,48.5,1,2026-10-10 16:00:00+00:00
Oklahoma,Texas,Oklahoma Sooners,Texas Longhorns,2026-10-10T19:30:00Z,,48.5,,BetMGM,,,,,,,48.5,48.5,1,2026-10-10 19:30:00+00:00
Michigan,Penn State,Michigan Wolverines,Penn State Nittany Lions,2026-10-17T16:00:00.0000000Z,-6.5,51.5,DraftKings,DraftKings,-270.0,220.0,-6.5,-6.5,-270.0,220.0,51.5,51.5,1,2026-10-17 16:00:00+00:00
Oregon,Nebraska,Oregon Ducks,Nebraska Cornhuskers,2026-10-17T16:00:00.0000000Z,-21.5,51.5,DraftKings,DraftKings,-3600.0,1500.0,-21.5,-21.5,-3600.0,1500.0,51.5,51.5,1,2026-10-17 16:00:00+00:00
BYU,Notre Dame,BYU Cougars,Notre Dame Fighting Irish,2026-10-17T16:00:00.0000000Z,10.0,54.5,DraftKings,DraftKings,340.0,-440.0,10.0,10.0,340.0,-440.0,54.5,54.5,1,2026-10-17 16:00:00+00:00
Kansas State,Kansas,Kansas State Wildcats,Kansas Jayhawks,2026-10-17T16:00:00Z,-7.5,54.5,DraftKings,DraftKings,-290.0,235.0,-7.5,-7.5,-290.0,235.0,54.5,54.5,1,2026-10-17 16:00:00+00:00
Miami,Florida State,Miami Hurricanes,Florida State Seminoles,2026-10-17T16:00:00Z,-16.5,53.5,DraftKings,DraftKings,-1200.0,750.0,-16.5,-16.5,-1200.0,750.0,53.5,53.5,1,2026-10-17 16:00:00+00:00
Georgia,Auburn,Georgia Bulldogs,Auburn Tigers,2026-10-17T16:00:00Z,-16.5,,DraftKings,,-1200.0,750.0,-16.5,-16.5,-1200.0,750.0,,,1,2026-10-17 16:00:00+00:00
Indiana,Ohio State,Indiana Hoosiers,Ohio State Buckeyes,2026-10-17T16:00:00Z,1.5,48.5,BetMGM,DraftKings,-110.0,-110.0,1.5,1.5,-110.0,-110.0,48.5,48.5,2,2026-10-17 16:00:00+00:00
Tennessee,Alabama,Tennessee Volunteers,Alabama Crimson Tide,2026-10-17T16:00:00Z,1.5,56.5,DraftKings,DraftKings,100.0,-120.0,1.5,1.5,100.0,-120.0,56.5,56.5,2,2026-10-17 16:00:00+00:00
Alabama,Texas A&M,Alabama Crimson Tide,Texas A&M Aggies,2026-10-24T16:00:00Z,-2.5,54.5,DraftKings,DraftKings,-142.0,120.0,-2.5,-2.5,-142.0,120.0,54.5,54.5,1,2026-10-24 16:00:00+00:00
Michigan,Indiana,Michigan Wolverines,Indiana Hoosiers,2026-10-24T16:00:00Z,6.0,52.5,DraftKings,DraftKings,210.0,-258.0,6.0,6.0,210.0,-258.0,52.5,52.5,1,2026-10-24 16:00:00+00:00
Utah,Houston,Utah Utes,Houston Cougars,2026-10-24T16:00:00Z,-6.5,,DraftKings,,-258.0,210.0,-6.5,-6.5,-258.0,210.0,,,1,2026-10-24 16:00:00+00:00
Texas,Ole Miss,Texas Longhorns,Ole Miss Rebels,2026-10-24T16:00:00.0000000Z,-8.5,54.5,DraftKings,DraftKings,-310.0,250.0,-8.5,-8.5,-310.0,250.0,54.5,54.5,1,2026-10-24 16:00:00+00:00
USC,Ohio State,USC Trojans,Ohio State Buckeyes,2026-10-31T16:00:00Z,7.5,,DraftKings,,260.0,-325.0,7.5,7.5,260.0,-325.0,,,1,2026-10-31 16:00:00+00:00
Georgia,Florida,Georgia Bulldogs,Florida Gators,2026-10-31T16:00:00Z,-12.5,,DraftKings,,,,-12.5,-12.5,,,,,1,2026-10-31 16:00:00+00:00
Florida State,Clemson,Florida State Seminoles,Clemson Tigers,2026-10-31T16:00:00Z,1.5,51.5,DraftKings,DraftKings,-108.0,-112.0,1.5,1.5,-108.0,-112.0,51.5,51.5,1,2026-10-31 16:00:00+00:00
Utah,BYU,Utah Utes,BYU Cougars,2026-11-07T16:00:00Z,-3.0,51.5,DraftKings,DraftKings,-142.0,120.0,-3.0,-3.0,-142.0,120.0,51.5,51.5,1,2026-11-07 16:00:00+00:00
Ohio State,Oregon,Ohio State Buckeyes,Oregon Ducks,2026-11-07T16:00:00Z,-6.0,52.5,DraftKings,DraftKings,-258.0,210.0,-6.0,-6.0,-258.0,210.0,52.5,52.5,1,2026-11-07 16:00:00+00:00
Ole Miss,Georgia,Ole Miss Rebels,Georgia Bulldogs,2026-11-07T16:00:00Z,4.5,55.5,DraftKings,DraftKings,180.0,-218.0,4.5,4.5,180.0,-218.0,55.5,55.5,1,2026-11-07 16:00:00+00:00
LSU,Alabama,LSU Tigers,Alabama Crimson Tide,2026-11-07T16:00:00Z,-3.5,54.5,DraftKings,DraftKings,-185.0,154.0,-4.0,-3.5,-185.0,154.0,54.5,54.5,2,2026-11-07 16:00:00+00:00
Michigan,Michigan State,Michigan Wolverines,Michigan State Spartans,2026-11-07T16:00:00Z,-16.5,50.5,DraftKings,DraftKings,-950.0,625.0,-16.5,-16.5,-950.0,625.0,50.5,50.5,1,2026-11-07 16:00:00+00:00
Notre Dame,Miami,Notre Dame Fighting Irish,Miami Hurricanes,2026-11-08T00:30:00Z,-6.5,54.5,DraftKings,DraftKings,-238.0,195.0,-6.5,-6.5,-238.0,195.0,54.5,54.5,2,2026-11-08 00:30:00+00:00
Oregon,Michigan,Oregon Ducks,Michigan Wolverines,2026-11-14T16:00:00.0000000Z,-13.5,53.5,DraftKings,DraftKings,-600.0,440.0,-13.5,-13.5,-600.0,440.0,53.5,53.5,2,2026-11-14 16:00:00+00:00
Indiana,USC,Indiana Hoosiers,USC Trojans,2026-11-14T16:00:00Z,-10.0,58.5,DraftKings,DraftKings,-455.0,350.0,-10.0,-10.0,-455.0,350.0,58.5,58.5,1,2026-11-14 16:00:00+00:00
Oklahoma State,Texas Tech,Oklahoma State Cowboys,Texas Tech Red Raiders,2026-11-14T16:00:00.0000000Z,15.5,61.5,DraftKings,DraftKings,500.0,-700.0,15.5,15.5,500.0,-700.0,61.5,61.5,1,2026-11-14 16:00:00+00:00
Oklahoma,Ole Miss,Oklahoma Sooners,Ole Miss Rebels,2026-11-14T16:00:00Z,-4.0,53.5,DraftKings,DraftKings,-198.0,164.0,-4.0,-4.0,-198.0,164.0,53.5,53.5,1,2026-11-14 16:00:00+00:00
LSU,Texas,LSU Tigers,Texas Longhorns,2026-11-14T16:00:00.0000000Z,2.5,54.5,DraftKings,DraftKings,120.0,-142.0,-9.0,2.5,120.0,300.0,54.5,52.0,5,2026-11-14 16:00:00+00:00
Texas A&M,Tennessee,Texas A&M Aggies,Tennessee Volunteers,2026-11-14T16:00:00.0000000Z,-8.5,55.5,DraftKings,DraftKings,-360.0,285.0,-8.5,-8.5,-360.0,285.0,55.5,55.5,1,2026-11-14 16:00:00+00:00
Miami,Duke,Miami Hurricanes,Duke Blue Devils,2026-11-14T16:00:00Z,-21.0,55.5,DraftKings,DraftKings,-1800.0,1000.0,-21.0,-21.0,-1800.0,1000.0,55.5,55.5,1,2026-11-14 16:00:00+00:00
Oklahoma,Texas A&M,Oklahoma Sooners,Texas A&M Aggies,2026-11-21T16:00:00Z,-2.5,51.5,DraftKings,DraftKings,-142.0,120.0,-2.5,-2.5,-142.0,120.0,51.5,51.5,1,2026-11-21 16:00:00+00:00
Tennessee,LSU,Tennessee Volunteers,LSU Tigers,2026-11-21T16:00:00.0000000Z,1.5,57.5,DraftKings,DraftKings,100.0,-120.0,1.5,1.5,100.0,-120.0,57.5,57.5,1,2026-11-21 16:00:00+00:00
Miami,Virginia Tech,Miami Hurricanes,Virginia Tech Hokies,2026-11-21T16:00:00Z,-16.5,56.5,DraftKings,DraftKings,-1050.0,675.0,-16.5,-16.5,-1050.0,675.0,56.5,56.5,1,2026-11-21 16:00:00+00:00
Notre Dame,SMU,Notre Dame Fighting Irish,SMU Mustangs,2026-11-22T00:30:00.0000000Z,-17.5,56.5,DraftKings,DraftKings,-1200.0,750.0,-17.5,-17.5,-1200.0,750.0,56.5,56.5,1,2026-11-22 00:30:00+00:00
Ole Miss,Mississippi State,Ole Miss Rebels,Mississippi State Bulldogs,2026-11-27T17:00:00.0000000Z,-14.5,57.5,DraftKings,DraftKings,-600.0,440.0,-14.5,-14.5,-600.0,440.0,57.5,57.5,1,2026-11-27 17:00:00+00:00
Texas A&M,Texas,Texas A&M Aggies,Texas Longhorns,2026-11-28T00:30:00.0000000Z,2.5,53.5,DraftKings,DraftKings,120.0,-142.0,2.5,2.5,120.0,-142.0,53.5,53.5,1,2026-11-28 00:30:00+00:00
Oregon,Washington,Oregon Ducks,Washington Huskies,2026-11-28T16:00:00.0000000Z,-15.5,54.5,DraftKings,DraftKings,-700.0,500.0,-15.5,-15.5,-700.0,500.0,54.5,54.5,1,2026-11-28 16:00:00+00:00
Northwestern,Illinois,Northwestern Wildcats,Illinois Fighting Illini,2026-11-28T16:00:00Z,3.5,52.5,DraftKings,DraftKings,145.0,-175.0,3.5,3.5,145.0,-175.0,52.5,52.5,1,2026-11-28 16:00:00+00:00
Arizona,Arizona State,Arizona Wildcats,Arizona State Sun Devils,2026-11-28T16:00:00.0000000Z,-4.5,52.5,DraftKings,DraftKings,-218.0,180.0,-4.5,-4.5,-218.0,180.0,52.5,52.5,1,2026-11-28 16:00:00+00:00
Clemson,South Carolina,Clemson Tigers,South Carolina Gamecocks,2026-11-28T16:00:00Z,-3.0,53.5,DraftKings,DraftKings,-162.0,136.0,-3.0,-3.0,-162.0,136.0,53.5,53.5,1,2026-11-28 16:00:00+00:00
Vanderbilt,Tennessee,Vanderbilt Commodores,Tennessee Volunteers,2026-11-28T16:00:00.0000000Z,3.0,57.5,DraftKings,DraftKings,136.0,-162.0,3.0,3.0,136.0,-162.0,57.5,57.5,1,2026-11-28 16:00:00+00:00
Alabama,Auburn,Alabama Crimson Tide,Auburn Tigers,2026-11-28T16:00:00Z,-10.0,,DraftKings,,-425.0,330.0,-10.0,-10.0,-425.0,330.0,,,1,2026-11-28 16:00:00+00:00
Virginia Tech,Virginia,Virginia Tech Hokies,Virginia Cavaliers,2026-11-28T16:00:00Z,-1.5,53.5,DraftKings,DraftKings,-125.0,105.0,-1.5,-1.5,-125.0,105.0,53.5,53.5,1,2026-11-28 16:00:00+00:00
UCLA,USC,UCLA Bruins,USC Trojans,2026-11-28T16:00:00Z,10.5,55.5,DraftKings,DraftKings,360.0,-470.0,10.5,10.5,360.0,-470.0,55.5,55.5,1,2026-11-28 16:00:00+00:00
North Carolina,NC State,North Carolina Tar Heels,NC State Wolfpack,2026-11-28T16:00:00Z,1.5,55.5,DraftKings,DraftKings,-102.0,-118.0,1.5,1.5,-102.0,-118.0,55.5,55.5,1,2026-11-28 16:00:00+00:00
Ohio State,Michigan,Ohio State Buckeyes,Michigan Wolverines,2026-11-28T17:00:00Z,,46.5,,DraftKings,-575.0,425.0,,,-575.0,425.0,46.5,46.5,1,2026-11-28 17:00:00+00:00
