week,homeTeam,awayTeam,home_score,away_score,model_spread,vegas_spread,edge_spread,model_total,vegas_total,edge_total,actual_margin,actual_total,confidence,grade,bet_spread,bet_total,won_spread,won_total
7,Pittsburgh,California,17,15,-2.6,-3.5,0.9,51.5,57.5,-6.0,2.0,32.0,1.0,A,,Under,,True
14,Clemson,South Carolina,14,17,-1.0,-3.0,2.0,50.0,49.5,0.5,-3.0,31.0,1.0,,,,,
7,West Virginia,Iowa State,16,28,5.5,3.0,2.5,56.4,54.0,2.4,-12.0,44.0,1.0,,,,,
11,Southern Miss,Marshall,3,37,22.3,13.5,8.8,58.8,53.5,5.3,-34.0,40.0,1.0,A+,Away,Over,True,False
11,North Texas,Army,3,14,9.9,6.5,3.4,68.7,68.0,0.7,-11.0,17.0,1.0,C,Away,,True,
11,James Madison,Georgia State,38,7,-20.8,-14.5,-6.3,56.9,53.5,3.4,31.0,45.0,1.0,A,Home,Over,True,False
11,Texas Tech,Colorado,27,41,2.4,4.5,-2.1,66.7,62.0,4.7,-14.0,68.0,1.0,B,,Over,,True
11,UAB,UConn,23,31,8.1,7.5,0.6,62.1,54.0,8.1,-8.0,54.0,1.0,A+,,Over,,
14,Colorado,Oklahoma State,52,0,-14.1,-15.0,0.9,63.5,67.0,-3.5,52.0,52.0,1.0,C,,Under,,True
14,Georgia,Georgia Tech,44,42,-20.3,-17.0,-3.3,56.8,49.0,7.8,2.0,86.0,1.0,A,Home,Over,False,True
7,Virginia,Louisville,20,24,14.9,7.0,7.9,59.2,54.0,5.2,-4.0,44.0,1.0,A,Away,Over,False,False
14,Tulane,Memphis,24,34,-6.0,-12.5,6.5,70.5,54.5,16.0,-10.0,58.0,1.0,A+,Away,Over,True,True
14,Syracuse,Miami,42,38,12.1,12.0,0.1,78.8,67.5,11.3,4.0,80.0,1.0,A+,,Over,,True
11,UTEP,Kennesaw State,43,35,-4.3,-4.5,0.2,38.8,42.5,-3.7,8.0,78.0,1.0,C,,Under,,False
11,Indiana,Michigan,20,15,-11.3,-14.5,3.2,39.9,47.5,-7.6,5.0,35.0,1.0,A,Away,Under,True,True
11,Tulane,Temple,52,6,-29.8,-26.0,-3.8,60.7,50.5,10.2,46.0,58.0,1.0,A+,Home,Over,True,True
7,UCF,Cincinnati,13,19,-4.5,-2.0,-2.5,51.0,58.0,-7.0,-6.0,32.0,1.0,A,,Under,,True
11,Louisiana,Arkansas State,55,19,-15.1,-14.0,-1.1,64.7,60.0,4.7,36.0,74.0,1.0,B,,Over,,True
7,Iowa,Washington,40,16,-10.0,-2.5,-7.5,39.2,41.5,-2.3,24.0,56.0,1.0,A,Home,,True,
7,Alabama,South Carolina,27,25,-11.5,-21.0,9.5,46.2,50.0,-3.8,2.0,52.0,1.0,A+,Away,Under,True,False
14,Vanderbilt,Tennessee,23,36,13.3,9.5,3.8,48.9,47.0,1.9,-13.0,59.0,1.0,C,Away,,True,
11,Oregon State,San José State,13,24,-1.0,-3.0,2.0,60.6,58.5,2.1,-11.0,37.0,1.0,,,,,
11,Vanderbilt,South Carolina,7,28,7.6,6.0,1.6,47.3,45.0,2.3,-21.0,35.0,1.0,,,,,
11,Louisiana Tech,Jacksonville State,37,44,7.9,10.0,-2.1,44.9,56.0,-11.1,-7.0,81.0,1.0,A+,,Under,,False
11,TCU,Oklahoma State,38,13,-12.3,-10.5,-1.8,64.1,68.5,-4.4,25.0,51.0,1.0,C,,Under,,True
11,Penn State,Washington,35,6,-19.3,-13.5,-5.8,49.7,47.5,2.2,29.0,41.0,1.0,B,Home,,True,
7,BYU,Arizona,41,19,-15.8,-3.0,-12.8,50.8,48.5,2.3,22.0,60.0,1.0,A+,Home,,True,
14,Missouri,Arkansas,28,21,-6.1,-3.0,-3.1,51.1,51.0,0.1,7.0,49.0,1.0,C,Home,,True,
11,New Mexico State,Western Kentucky,28,41,12.1,18.0,-5.9,50.0,53.5,-3.5,-13.0,69.0,1.0,B,Home,Under,True,False
14,SMU,California,38,6,-14.7,-12.5,-2.2,55.2,54.5,0.7,32.0,44.0,1.0,,,,,
14,Baylor,Kansas,45,17,-3.7,1.5,-5.2,64.2,62.0,2.2,28.0,62.0,1.0,B,Home,,True,
11,Oregon,Maryland,39,18,-27.2,-24.0,-3.2,57.7,58.0,-0.3,21.0,57.0,1.0,C,Home,,False,
11,Tennessee,Mississippi State,33,14,-25.2,-26.0,0.8,54.7,61.5,-6.8,19.0,47.0,1.0,A,,Under,,True
13,Kansas,Colorado,37,21,0.8,1.5,-0.7,61.3,59.5,1.8,16.0,58.0,1.0,,,,,
13,North Texas,East Carolina,28,40,-0.4,-2.5,2.1,74.1,74.5,-0.4,-12.0,68.0,1.0,,,,,
11,Air Force,Fresno State,36,28,4.7,10.0,-5.3,43.6,40.5,3.1,8.0,64.0,1.0,B,Home,Over,True,True
11,Washington State,Utah State,49,28,-14.8,-20.0,5.2,81.2,68.5,12.7,21.0,77.0,1.0,A+,Away,Over,False,True
11,LSU,Alabama,13,42,7.0,2.5,4.5,56.6,59.5,-2.9,-29.0,55.0,1.0,B,Away,,True,
11,UCLA,Iowa,20,17,9.6,6.5,3.1,40.1,45.0,-4.9,3.0,37.0,1.0,B,Away,Under,False,True
11,Ohio State,Purdue,45,0,-43.6,-37.5,-6.1,62.9,55.0,7.9,45.0,45.0,1.0,A,Home,Over,True,False
11,Wake Forest,California,36,46,7.1,7.0,0.1,53.5,55.0,-1.5,-10.0,82.0,1.0,,,,,
11,Utah,BYU,21,22,3.0,3.0,0.0,39.0,40.5,-1.5,-1.0,43.0,1.0,,,,,
11,San Diego State,New Mexico,16,21,-0.7,-1.5,0.8,63.5,65.0,-1.5,-5.0,37.0,1.0,,,,,
11,Central Michigan,Bowling Green,13,23,10.1,15.5,-5.4,50.4,49.0,1.4,-10.0,36.0,1.0,B,Home,,True,
11,East Carolina,Florida Atlantic,49,14,-10.8,-7.5,-3.3,56.7,58.5,-1.8,35.0,63.0,1.0,C,Home,,True,
11,Ball State,Miami (OH),21,27,14.8,13.0,1.8,54.1,48.0,6.1,-6.0,48.0,1.0,A,,Over,,
11,Texas,Florida,49,17,-15.1,-23.0,7.9,46.4,48.5,-2.1,32.0,66.0,1.0,A,Away,,False,
11,Cincinnati,West Virginia,24,31,-2.4,-5.5,3.1,56.0,54.5,1.5,-7.0,55.0,1.0,C,Away,,True,
11,Kansas,Iowa State,45,36,0.8,2.5,-1.7,55.5,52.5,3.0,9.0,81.0,1.0,C,,,,
11,Middle Tennessee,Liberty,17,37,14.9,12.5,2.4,55.3,55.0,0.3,-20.0,54.0,1.0,,,,,
11,Kent State,Ohio,0,41,28.7,20.5,8.2,60.8,53.0,7.8,-41.0,41.0,1.0,A+,Away,Over,True,False
11,South Florida,Navy,7,28,1.8,4.5,-2.7,62.4,58.5,3.9,-21.0,35.0,1.0,C,,Over,,False
11,Notre Dame,Florida State,52,3,-30.0,-25.5,-4.5,53.7,44.0,9.7,49.0,55.0,1.0,A+,Home,Over,True,True
11,Boston College,Syracuse,37,31,-1.3,-3.0,1.7,63.0,52.0,11.0,6.0,68.0,1.0,A+,,Over,,True
11,Virginia Tech,Clemson,14,24,2.3,5.5,-3.2,55.6,54.5,1.1,-10.0,38.0,1.0,C,Home,,False,
11,NC State,Duke,19,29,0.0,-3.0,3.0,50.0,51.5,-1.5,-10.0,48.0,1.0,C,,,,
11,Georgia Tech,Miami,28,23,11.4,9.5,1.9,73.1,65.0,8.1,5.0,51.0,1.0,A+,,Over,,False
11,Pittsburgh,Virginia,19,24,-9.7,-7.5,-2.2,54.2,57.5,-3.3,-5.0,43.0,1.0,C,,Under,,True
11,Arizona State,UCF,35,31,-8.2,-2.5,-5.7,53.7,55.5,-1.8,4.0,66.0,1.0,B,Home,,True,
11,Boise State,Nevada,28,21,-24.3,-23.5,-0.8,60.3,61.5,-1.2,7.0,49.0,1.0,,,,,
11,Western Michigan,Northern Illinois,28,42,4.1,2.0,2.1,47.9,52.0,-4.1,-14.0,70.0,1.0,C,,Under,,False
11,Memphis,Rice,27,20,-17.2,-7.0,-10.2,61.4,50.5,10.9,7.0,47.0,1.0,A+,Home,Over,,False
14,Akron,Toledo,21,14,10.2,9.0,1.2,48.9,49.5,-0.6,7.0,35.0,1.0,,,,,
11,Ole Miss,Georgia,28,10,-2.9,2.5,-5.4,47.4,55.0,-7.6,18.0,38.0,1.0,A,Home,Under,True,True
11,Missouri,Oklahoma,30,23,-4.9,3.5,-8.4,41.7,42.0,-0.3,7.0,53.0,1.0,A+,Home,,True,
14,Buffalo,Kent State,43,7,-26.0,-23.5,-2.5,59.0,51.0,8.0,36.0,50.0,1.0,A+,,Over,,False
12,Washington,UCLA,31,19,-6.0,-4.5,-1.5,40.4,47.0,-6.6,12.0,50.0,1.0,A,,Under,,False
12,Navy,Tulane,0,35,4.7,7.5,-2.8,59.5,49.0,10.5,-35.0,35.0,1.0,A+,,Over,,False
12,BYU,Kansas,13,17,-7.0,-3.0,-4.0,55.3,55.5,-0.2,-4.0,30.0,1.0,C,Home,,False,
12,Pittsburgh,Clemson,20,24,7.3,12.0,-4.7,57.5,52.0,5.5,-4.0,44.0,1.0,B,Home,Over,True,False
12,Kansas State,Arizona State,14,24,-4.7,-7.5,2.8,52.3,51.5,0.8,-10.0,38.0,1.0,,,,,
12,USC,Nebraska,28,20,-9.7,-6.5,-3.2,44.1,51.0,-6.9,8.0,48.0,1.0,A,Home,Under,True,True
12,Buffalo,Ball State,51,48,-13.0,-3.5,-9.5,63.3,55.5,7.8,3.0,99.0,1.0,A+,Home,Over,False,True
12,Bowling Green,Western Michigan,31,13,-10.3,-9.5,-0.8,59.1,57.5,1.6,18.0,44.0,1.0,,,,,
12,Miami (OH),Kent State,34,7,-32.5,-31.0,-1.5,56.8,47.5,9.3,27.0,41.0,1.0,A+,,Over,,False
12,Toledo,Central Michigan,37,10,-13.7,-15.0,1.3,48.6,52.5,-3.9,27.0,47.0,1.0,C,,Under,,True
12,Northern Illinois,Akron,29,16,-15.5,-14.0,-1.5,44.4,43.5,0.9,13.0,45.0,1.0,,,,,
12,Ohio,Eastern Michigan,35,10,-15.8,-10.5,-5.3,51.5,51.5,0.0,25.0,45.0,1.0,B,Home,,True,
12,Tulsa,East Carolina,31,38,15.5,16.0,-0.5,65.3,63.5,1.8,-7.0,69.0,1.0,,,,,
7,Arizona State,Utah,27,19,-6.2,6.0,-12.2,39.7,46.5,-6.8,8.0,46.0,1.0,A+,Home,Under,True,True
14,Ohio,Ball State,42,21,-21.5,-18.0,-3.5,58.8,51.5,7.3,21.0,63.0,1.0,A,Home,Over,True,True
14,Bowling Green,Miami (OH),12,28,-1.2,-3.0,1.8,44.8,38.5,6.3,-16.0,40.0,1.0,A,,Over,,True
14,South Alabama,Texas State,38,45,-0.4,2.5,-2.9,65.0,61.0,4.0,-7.0,83.0,1.0,C,,Over,,True
14,Boise State,Oregon State,34,18,-19.4,-17.5,-1.9,63.9,58.0,5.9,16.0,52.0,1.0,B,,Over,,False
7,Kentucky,Vanderbilt,13,20,-3.0,-12.5,9.5,44.6,44.5,0.1,-7.0,33.0,1.0,A+,Away,,True,
14,Sam Houston,Liberty,20,18,0.9,2.5,-1.6,43.2,48.0,-4.8,2.0,38.0,1.0,B,,Under,,True
14,San José State,Stanford,34,31,-4.7,-2.5,-2.2,60.3,54.5,5.8,3.0,65.0,1.0,B,,Over,,True
7,Maryland,Northwestern,10,37,-7.0,-11.0,4.0,37.8,45.0,-7.2,-27.0,47.0,1.0,A,Away,Under,True,False
7,Utah State,UNLV,34,50,15.5,19.0,-3.5,73.3,67.5,5.8,-16.0,84.0,1.0,B,Home,Over,True,True
7,Western Kentucky,UTEP,44,17,-17.3,-19.0,1.7,46.1,55.5,-9.4,27.0,61.0,1.0,A+,,Under,,False
7,James Madison,Coastal Carolina,39,7,-14.0,-7.0,-7.0,57.1,59.0,-1.9,32.0,46.0,1.0,A,Home,,True,
7,Louisiana Tech,Middle Tennessee,48,21,-12.1,-5.0,-7.1,43.0,48.0,-5.0,27.0,69.0,1.0,A,Home,Under,True,False
14,East Carolina,Navy,20,34,2.3,-3.0,5.3,57.7,54.5,3.2,-14.0,54.0,1.0,B,Away,Over,True,False
7,South Florida,Memphis,3,21,5.9,10.0,-4.1,73.4,61.0,12.4,-18.0,24.0,1.0,A+,Home,Over,False,False
14,Colorado State,Utah State,42,37,-6.0,-5.0,-1.0,69.5,57.0,12.5,5.0,79.0,1.0,A+,,Over,,True
14,Army,UTSA,29,24,-11.2,-6.0,-5.2,62.2,53.0,9.2,5.0,53.0,1.0,A+,Home,Over,False,
14,Georgia State,Coastal Carolina,27,48,4.1,-1.0,5.1,62.9,53.0,9.9,-21.0,75.0,1.0,A+,Away,Over,True,True
7,Georgia Southern,Marshall,24,23,2.1,-1.0,3.1,58.7,58.5,0.2,1.0,47.0,1.0,C,Away,,,
7,Eastern Michigan,Miami (OH),14,38,8.8,3.0,5.8,47.3,45.5,1.8,-24.0,52.0,1.0,B,Away,,True,
7,NC State,Syracuse,17,24,-0.3,1.0,-1.3,66.7,51.5,15.2,-7.0,41.0,1.0,A+,,Over,,False
14,Western Michigan,Eastern Michigan,26,18,-5.2,-6.0,0.8,61.1,55.5,5.6,8.0,44.0,1.0,B,,Over,,False
14,Northern Illinois,Central Michigan,24,16,-13.9,-13.5,-0.4,44.1,40.0,4.1,8.0,40.0,1.0,C,,Over,,
14,Temple,North Texas,17,24,10.7,12.0,-1.3,71.0,63.0,8.0,-7.0,41.0,1.0,A+,,Over,,False
7,Western Michigan,Akron,34,24,-8.6,-9.5,0.9,56.6,48.5,8.1,10.0,58.0,1.0,A+,,Over,,True
7,Bowling Green,Northern Illinois,7,17,-3.6,-3.0,-0.6,40.0,46.5,-6.5,-10.0,24.0,1.0,A,,Under,,True
7,Kent State,Ball State,35,37,9.9,3.0,6.9,64.1,58.0,6.1,-2.0,72.0,1.0,A,Away,Over,False,True
14,Charlotte,UAB,29,27,-0.2,1.0,-1.2,68.5,60.0,8.5,2.0,56.0,1.0,A+,,Over,,False
14,James Madison,Marshall,33,35,-5.0,-4.0,-1.0,54.7,52.0,2.7,-2.0,68.0,1.0,,,,,
7,Wake Forest,Clemson,14,49,16.4,21.0,-4.6,59.5,63.0,-3.5,-35.0,63.0,1.0,B,Home,Under,False,
14,Arkansas State,Old Dominion,32,40,4.6,5.5,-0.9,62.4,59.0,3.4,-8.0,72.0,1.0,C,,Over,,True
7,Georgia State,Old Dominion,14,21,6.4,-3.0,9.4,61.0,53.0,8.0,-7.0,35.0,1.0,A+,Away,Over,True,False
7,Central Michigan,Ohio,25,27,12.4,3.0,9.4,51.3,50.5,0.8,-2.0,52.0,1.0,A+,Away,,False,
7,Rice,UTSA,29,27,5.0,3.5,1.5,60.3,51.0,9.3,2.0,56.0,1.0,A+,,Over,,True
14,Florida International,Middle Tennessee,35,24,-11.8,-10.0,-1.8,48.4,51.0,-2.6,11.0,59.0,1.0,,,,,
14,UCLA,Fresno State,20,13,-6.3,-7.5,1.2,42.9,46.5,-3.6,7.0,33.0,1.0,C,,Under,,True
14,San Diego State,Air Force,20,31,1.6,6.0,-4.4,40.7,43.5,-2.8,-11.0,51.0,1.0,C,Home,,False,
7,Buffalo,Toledo,30,15,1.8,10.5,-8.7,52.0,44.5,7.5,15.0,45.0,1.0,A+,Home,Over,True,True
7,Army,UAB,44,10,-21.3,-27.0,5.7,62.3,55.5,6.8,34.0,54.0,1.0,A,Away,Over,False,False
7,North Carolina,Georgia Tech,34,41,-1.1,3.5,-4.6,62.4,60.5,1.9,-7.0,75.0,1.0,B,Home,,False,
7,Florida Atlantic,North Texas,37,41,3.9,5.5,-1.6,68.8,58.5,10.3,-4.0,78.0,1.0,A+,,Over,,True
14,Rice,South Florida,35,28,4.5,5.5,-1.0,59.4,54.0,5.4,7.0,63.0,1.0,B,,Over,,True
7,Illinois,Purdue,50,49,-23.5,-22.5,-1.0,52.4,47.5,4.9,1.0,99.0,1.0,B,,Over,,True
7,Colorado State,San José State,31,24,0.0,-2.5,2.5,55.2,55.5,-0.3,7.0,55.0,1.0,,,,,
14,Troy,Southern Miss,52,20,-18.9,-17.5,-1.4,53.6,49.0,4.6,32.0,72.0,1.0,B,,Over,,True
14,Tulsa,Florida Atlantic,16,63,6.6,-1.0,7.6,60.0,58.0,2.0,-47.0,79.0,1.0,A,Away,,True,
14,Western Kentucky,Jacksonville State,19,17,2.0,-1.0,3.0,50.9,62.5,-11.6,2.0,36.0,1.0,A+,,Under,,True
7,Notre Dame,Stanford,49,7,-33.1,-22.5,-10.6,62.5,45.5,17.0,42.0,56.0,1.0,A+,Home,Over,True,True
7,New Mexico,Air Force,52,37,-0.6,-7.0,6.4,59.0,56.0,3.0,15.0,89.0,1.0,A,Away,,False,
7,Wyoming,San Diego State,24,27,-4.2,-1.5,-2.7,42.5,43.0,-0.5,-3.0,51.0,1.0,,,,,
7,Fresno State,Washington State,17,25,2.0,3.5,-1.5,63.4,60.5,2.9,-8.0,42.0,1.0,,,,,
14,Louisiana Tech,Kennesaw State,33,0,-13.6,-10.0,-3.6,40.8,41.5,-0.7,33.0,33.0,1.0,C,Home,,True,
14,Washington State,Wyoming,14,15,-16.0,-18.5,2.5,57.8,55.0,2.8,-1.0,29.0,1.0,,,,,
14,UNLV,Nevada,38,14,-21.1,-17.5,-3.6,58.0,54.0,4.0,24.0,52.0,1.0,C,Home,Over,True,False
7,Texas State,Arkansas State,41,9,-16.6,-13.5,-3.1,68.0,66.0,2.0,32.0,50.0,1.0,C,Home,,True,
7,Nevada,Oregon State,42,37,2.9,3.0,-0.1,59.6,47.0,12.6,5.0,79.0,1.0,A+,,Over,,True
7,UCLA,Minnesota,17,21,5.7,3.5,2.2,38.7,39.0,-0.3,-4.0,38.0,1.0,,,,,
7,Georgia,Mississippi State,41,31,-27.0,-34.0,7.0,58.3,53.5,4.8,10.0,72.0,1.0,A,Away,Over,True,True
14,New Mexico State,UTEP,35,42,-3.4,-3.5,0.1,49.4,51.5,-2.1,-7.0,77.0,1.0,,,,,
7,Jacksonville State,New Mexico State,54,13,-20.7,-21.0,0.3,58.6,58.5,0.1,41.0,67.0,1.0,,,,,
7,Liberty,Florida International,31,24,-11.0,-15.5,4.5,52.2,56.0,-3.8,7.0,55.0,1.0,B,Away,Under,True,True
14,Wisconsin,Minnesota,7,24,2.8,2.0,0.8,35.2,40.5,-5.3,-17.0,31.0,1.0,B,,Under,,True
14,UCF,Utah,14,28,-0.9,-10.0,9.1,41.2,46.5,-5.3,-14.0,42.0,1.0,A+,Away,Under,True,True
14,Ole Miss,Mississippi State,26,14,-27.6,-26.0,-1.6,58.7,63.5,-4.8,12.0,40.0,1.0,B,,Under,,True
14,Iowa,Nebraska,13,10,-10.0,-3.0,-7.0,34.0,41.5,-7.5,3.0,23.0,1.0,A,Home,Under,,True
12,Colorado State,Wyoming,24,10,-7.7,-8.5,0.8,46.1,47.5,-1.4,14.0,34.0,1.0,,,,,
14,Northwestern,Illinois,28,38,10.4,9.0,1.4,43.1,43.5,-0.4,-10.0,66.0,1.0,,,,,
14,Kentucky,Louisville,14,41,7.4,4.5,2.9,51.6,50.0,1.6,-27.0,55.0,1.0,,,,,
12,UTSA,North Texas,48,27,-5.9,-1.0,-4.9,79.7,73.0,6.7,21.0,75.0,1.0,A,Home,Over,True,True
14,Texas Tech,West Virginia,52,15,-5.5,-2.5,-3.0,69.7,62.5,7.2,37.0,67.0,1.0,A,,Over,,True
14,Arizona,Arizona State,7,49,10.7,7.5,3.2,52.3,54.0,-1.7,-42.0,56.0,1.0,C,Away,,True,
14,Boston College,Pittsburgh,34,23,-1.5,-3.5,2.0,53.9,50.5,3.4,11.0,57.0,1.0,C,,Over,,True
12,Arizona,Houston,27,3,-4.7,-1.0,-3.7,41.6,46.5,-4.9,24.0,30.0,1.0,B,Home,Under,True,True
14,Penn State,Maryland,44,7,-25.9,-26.0,0.1,54.4,50.5,3.9,37.0,51.0,1.0,C,,Over,,True
14,USC,Notre Dame,35,49,9.7,7.0,2.7,57.9,52.5,5.4,-14.0,84.0,1.0,B,,Over,,True
14,Cincinnati,TCU,13,20,4.7,2.5,2.2,53.6,58.5,-4.9,-7.0,33.0,1.0,B,,Under,,True
12,Northwestern,Ohio State,7,31,30.2,28.0,2.2,53.6,43.5,10.1,-24.0,38.0,1.0,A+,,Over,,False
14,Florida State,Florida,11,31,13.2,17.0,-3.8,46.8,46.0,0.8,-20.0,42.0,1.0,C,Home,,False,
14,LSU,Oklahoma,37,17,-6.3,-6.0,-0.3,47.8,48.0,-0.2,20.0,54.0,1.0,,,,,
12,California,Syracuse,25,33,-2.9,-10.5,7.6,60.6,58.0,2.6,-8.0,58.0,1.0,A,Away,,True,
12,North Carolina,Wake Forest,31,24,-11.5,-10.5,-1.0,61.0,64.5,-3.5,7.0,55.0,1.0,C,,Under,,True
14,Indiana,Purdue,66,0,-35.5,-28.5,-7.0,58.4,56.5,1.9,66.0,66.0,1.0,A,Home,,True,
14,Iowa State,Kansas State,29,21,-0.4,-2.0,1.6,50.0,51.5,-1.5,8.0,50.0,1.0,,,,,
14,Virginia Tech,Virginia,37,17,-14.5,-4.5,-10.0,52.3,44.5,7.8,20.0,54.0,1.0,A+,Home,Over,True,True
12,Illinois,Michigan State,38,16,-13.2,-2.0,-11.2,42.9,47.5,-4.6,22.0,54.0,1.0,A+,Home,Under,True,False
14,Texas A&M,Texas,7,17,7.2,4.5,2.7,45.6,50.0,-4.4,-10.0,24.0,1.0,C,,Under,,True
14,Oregon,Washington,49,21,-20.9,-17.0,-3.9,53.0,50.5,2.5,28.0,70.0,1.0,C,Home,,True,
14,BYU,Houston,30,18,-19.4,-12.5,-6.9,46.3,40.5,5.8,12.0,48.0,1.0,A,Home,Over,False,True
12,Stanford,Louisville,38,35,19.0,21.0,-2.0,64.7,57.5,7.2,3.0,73.0,1.0,A,,Over,,True
12,Notre Dame,Virginia,35,14,-29.9,-20.5,-9.4,57.7,51.0,6.7,21.0,49.0,1.0,A+,Home,Over,True,False
12,Purdue,Penn State,10,49,33.3,30.0,3.3,60.9,51.5,9.4,-39.0,59.0,1.0,A+,Away,Over,True,True
14,Ohio State,Michigan,10,13,-19.3,-19.5,0.2,44.4,41.5,2.9,-3.0,23.0,1.0,,,,,
14,Wake Forest,Duke,17,23,7.3,3.5,3.8,51.2,53.0,-1.8,-6.0,40.0,1.0,C,Away,,True,
12,West Virginia,Baylor,35,49,3.7,2.0,1.7,65.1,60.0,5.1,-14.0,84.0,1.0,B,,Over,,True
12,Iowa State,Cincinnati,34,17,-10.7,-7.0,-3.7,47.2,52.5,-5.3,17.0,51.0,1.0,B,Home,Under,True,True
14,North Carolina,NC State,30,35,-4.2,-2.0,-2.2,59.8,54.5,5.3,-5.0,65.0,1.0,B,,Over,,True
12,SMU,Boston College,38,28,-16.1,-19.0,2.9,57.6,54.5,3.1,10.0,66.0,1.0,C,,Over,,True
12,South Carolina,Missouri,34,30,-5.5,-10.5,5.0,46.1,42.5,3.6,4.0,64.0,1.0,B,Away,Over,True,True
14,Alabama,Auburn,28,14,-17.2,-11.0,-6.2,45.5,51.0,-5.5,14.0,42.0,1.0,A,Home,Under,True,True
12,Temple,Florida Atlantic,18,15,4.0,-2.0,6.0,53.6,50.0,3.6,3.0,33.0,1.0,A,Away,Over,False,False
12,Marshall,Coastal Carolina,31,19,-11.2,-7.5,-3.7,61.0,57.0,4.0,12.0,50.0,1.0,C,Home,Over,True,False
12,Georgia Southern,Troy,20,28,-6.7,-7.0,0.3,56.4,54.0,2.4,-8.0,48.0,1.0,,,,,
12,Old Dominion,James Madison,32,35,6.6,1.5,5.1,55.2,51.0,4.2,-3.0,67.0,1.0,B,Away,Over,True,True
12,Western Kentucky,Louisiana Tech,7,12,-8.5,-11.5,3.0,38.2,52.5,-14.3,-5.0,19.0,1.0,A+,,Under,,True
12,Georgia State,Arkansas State,20,27,-0.2,-2.5,2.3,63.8,60.0,3.8,-7.0,47.0,1.0,C,,Over,,False
12,Charlotte,South Florida,24,59,8.2,-1.5,9.7,67.5,53.5,14.0,-35.0,83.0,1.0,A+,Away,Over,True,True
12,Kennesaw State,Sam Houston,17,23,12.8,21.0,-8.2,43.9,42.5,1.4,-6.0,40.0,1.0,A+,Home,,True,
12,Louisiana,South Alabama,22,24,-3.1,-6.5,3.4,61.7,60.0,1.7,-2.0,46.0,1.0,C,Away,,True,
12,New Mexico,Washington State,38,35,10.9,10.5,0.4,78.8,72.5,6.3,3.0,73.0,1.0,A,,Over,,True
12,Air Force,Oregon State,28,0,1.2,3.0,-1.8,49.7,44.5,5.2,28.0,28.0,1.0,B,,Over,,False
12,Texas State,Southern Miss,58,3,-28.8,-27.5,-1.3,63.4,56.5,6.9,55.0,61.0,1.0,A,,Over,,True
12,Memphis,UAB,53,18,-19.5,-16.0,-3.5,74.4,62.0,12.4,35.0,71.0,1.0,A+,Home,Over,True,True
12,Jacksonville State,Florida International,34,31,-13.6,-12.5,-1.1,54.5,58.5,-4.0,3.0,65.0,1.0,C,,Under,,False
12,San José State,Boise State,21,42,12.5,14.5,-2.0,61.3,62.0,-0.7,-21.0,63.0,1.0,,,,,
12,UNLV,San Diego State,41,20,-23.3,-22.0,-1.3,54.5,55.5,-1.0,21.0,61.0,1.0,,,,,
7,LSU,Ole Miss,29,26,6.0,4.0,2.0,53.7,64.5,-10.8,3.0,55.0,1.0,A+,,Under,,True
7,Oklahoma,Texas,3,34,11.8,17.0,-5.2,44.2,49.0,-4.8,-31.0,37.0,1.0,B,Home,Under,False,True
7,Oregon,Ohio State,32,31,1.8,3.5,-1.7,51.4,55.0,-3.6,1.0,63.0,1.0,C,,Under,,False
7,USC,Penn State,30,33,6.4,3.5,2.9,55.8,52.0,3.8,-3.0,63.0,1.0,C,,Over,,True
7,Tennessee,Florida,23,17,-11.6,-14.0,2.4,44.5,55.5,-11.0,6.0,40.0,1.0,A+,,Under,,True
7,Colorado,Kansas State,28,31,0.0,3.5,-3.5,55.8,55.5,0.3,-3.0,59.0,1.0,C,Home,,True,
8,Missouri,Auburn,21,17,-6.2,-3.5,-2.7,43.7,49.5,-5.8,4.0,38.0,1.0,B,,Under,,True
1,Michigan,Fresno State,30,10,-15.8,-21.0,5.2,41.5,48.0,-6.5,20.0,40.0,1.0,A,Away,Under,True,True
1,Northwestern,Miami (OH),13,6,2.2,-4.0,6.2,37.3,43.0,-5.7,7.0,19.0,1.0,A,Away,Under,False,True
1,Indiana,Florida International,31,7,-31.5,-20.5,-11.0,56.1,50.5,5.6,24.0,38.0,1.0,A+,Home,Over,True,False
6,Georgia,Auburn,31,13,-16.3,-21.0,4.7,44.9,50.0,-5.1,18.0,44.0,1.0,B,Away,Under,True,True
9,Michigan,Michigan State,24,17,-16.4,-3.5,-12.9,38.0,39.0,-1.0,7.0,41.0,1.0,A+,Home,,True,
12,Georgia,Tennessee,31,17,-4.3,-8.5,4.2,45.0,47.0,-2.0,14.0,48.0,1.0,C,Away,,False,
9,Texas A&M,LSU,38,23,-2.9,-2.0,-0.9,56.7,54.5,2.2,15.0,61.0,1.0,,,,,
10,Michigan,Oregon,17,38,10.2,14.5,-4.3,45.7,45.5,0.2,-21.0,55.0,1.0,C,Home,,False,
1,LSU,USC,20,27,-4.8,-4.0,-0.8,63.7,66.5,-2.8,-7.0,47.0,1.0,,,,,
9,Ohio State,Nebraska,21,17,-24.2,-25.0,0.8,45.1,48.5,-3.4,4.0,38.0,1.0,C,,Under,,True
9,Kansas State,Kansas,29,27,-7.9,-10.0,2.1,57.9,56.5,1.4,2.0,56.0,1.0,,,,,
5,Auburn,Oklahoma,21,27,-0.9,-2.0,1.1,35.5,43.0,-7.5,-6.0,48.0,1.0,A,,Under,,False
13,Oklahoma,Alabama,24,3,11.6,14.0,-2.4,45.5,47.0,-1.5,21.0,27.0,1.0,,,,,
8,Tennessee,Alabama,24,17,0.5,3.5,-3.0,45.3,57.5,-12.2,7.0,41.0,1.0,A+,,Under,,True
2,Michigan,Texas,12,31,11.1,7.0,4.1,41.5,42.0,-0.5,-19.0,43.0,1.0,C,Away,,True,
6,Washington,Michigan,27,17,3.1,-1.5,4.6,36.3,39.5,-3.2,10.0,44.0,1.0,B,Away,Under,False,False
5,Duke,North Carolina,21,20,-3.6,1.0,-4.6,51.4,55.5,-4.1,1.0,41.0,1.0,B,Home,Under,True,True
12,Florida,LSU,27,16,-0.2,3.0,-3.2,55.8,57.0,-1.2,11.0,43.0,1.0,C,Home,,True,
2,Iowa,Iowa State,19,20,-5.0,-3.0,-2.0,37.0,35.0,2.0,-1.0,39.0,1.0,,,,,
1,Nebraska,UTEP,40,7,-27.3,-27.5,0.2,47.1,49.0,-1.9,33.0,47.0,1.0,,,,,
12,Wisconsin,Oregon,13,16,16.2,13.5,2.7,50.4,49.5,0.9,-3.0,29.0,1.0,,,,,
13,UCLA,USC,13,19,9.0,5.0,4.0,49.8,53.0,-3.2,-6.0,32.0,1.0,C,Away,Under,True,True
1,Florida State,Boston College,13,28,2.7,-16.5,19.2,43.7,50.0,-6.3,-15.0,41.0,1.0,A+,Away,Under,True,True
1,Oklahoma,Temple,51,3,-31.3,-42.5,11.2,53.5,59.5,-6.0,48.0,54.0,1.0,A+,Away,Under,False,True
10,Penn State,Ohio State,13,20,3.0,3.0,0.0,44.9,47.5,-2.6,-7.0,33.0,1.0,,,,,
9,Miami,Florida State,36,14,-24.0,-22.5,-1.5,59.5,55.0,4.5,22.0,50.0,1.0,B,,Over,,False
9,Florida International,Sam Houston,7,10,2.7,4.5,-1.8,40.2,47.5,-7.3,-3.0,17.0,1.0,A,,Under,,True
12,Arkansas,Texas,10,20,13.6,13.0,0.6,48.1,57.5,-9.4,-10.0,30.0,1.0,A+,,Under,,True
4,Oklahoma State,Utah,19,22,4.3,1.0,3.3,47.5,53.5,-6.0,-3.0,41.0,1.0,A,Away,Under,True,True
15,Miami (OH),Ohio,3,38,-1.0,-2.5,1.5,43.1,44.0,-0.9,-35.0,41.0,1.0,,,,,
2,NC State,Tennessee,10,51,15.4,10.0,5.4,50.0,60.5,-10.5,-41.0,61.0,1.0,A+,Away,Under,True,False
5,Alabama,Georgia,41,34,-3.7,2.0,-5.7,50.3,50.0,0.3,7.0,75.0,1.0,B,Home,,True,
5,Kansas State,Oklahoma State,42,20,-15.2,-6.0,-9.2,60.1,58.0,2.1,22.0,62.0,1.0,A+,Home,,True,
8,Sam Houston,Western Kentucky,14,31,-1.0,-1.5,0.5,36.6,55.0,-18.4,-17.0,45.0,1.0,A+,,Under,,True
4,Oklahoma,Tennessee,15,25,7.8,6.0,1.8,41.3,57.0,-15.7,-10.0,40.0,1.0,A+,,Under,,True
1,Pittsburgh,Kent State,55,24,-36.2,-23.5,-12.7,62.9,53.5,9.4,31.0,79.0,1.0,A+,Home,Over,True,True
1,Minnesota,North Carolina,17,19,-7.8,-2.5,-5.3,44.4,50.5,-6.1,-2.0,36.0,1.0,A,Home,Under,False,True
1,Maryland,UConn,50,7,-3.1,-20.5,17.4,48.6,47.5,1.1,43.0,57.0,1.0,A+,Away,,False,
1,Nevada,SMU,24,29,24.6,27.0,-2.4,62.2,56.5,5.7,-5.0,53.0,1.0,B,,Over,,False
1,Jacksonville State,Coastal Carolina,27,55,-7.7,-3.5,-4.2,61.6,56.5,5.1,-28.0,82.0,1.0,B,Home,Over,False,True
1,West Virginia,Penn State,12,34,16.5,10.0,6.5,57.0,51.5,5.5,-22.0,46.0,1.0,A,Away,Over,True,False
8,Iowa State,UCF,38,35,-8.8,-13.0,4.2,51.4,49.5,1.9,3.0,73.0,1.0,C,Away,,True,
8,Virginia Tech,Boston College,42,21,-8.7,-8.5,-0.2,52.0,47.5,4.5,21.0,63.0,1.0,B,,Over,,True
1,Stanford,TCU,27,34,12.8,8.5,4.3,61.5,61.0,0.5,-7.0,61.0,1.0,C,Away,,False,
12,Texas A&M,New Mexico State,38,3,-36.5,-38.5,2.0,61.9,54.5,7.4,35.0,41.0,1.0,A,,Over,,False
1,Georgia Tech,Florida State,24,21,-9.5,11.5,-21.0,50.0,55.5,-5.5,3.0,45.0,1.0,A+,Home,Under,True,True
1,Troy,Nevada,26,28,-7.9,-15.5,7.6,55.0,47.0,8.0,-2.0,54.0,1.0,A+,Away,Over,True,True
1,Texas A&M,Notre Dame,13,23,6.4,-2.5,8.9,50.9,46.5,4.4,-10.0,36.0,1.0,A+,Away,Over,True,False
1,Rice,Sam Houston,14,34,0.2,-10.5,10.7,39.3,49.0,-9.7,-20.0,48.0,1.0,A+,Away,Under,True,True
12,Colorado,Utah,49,24,-6.7,-13.5,6.8,43.2,43.0,0.2,25.0,73.0,1.0,A,Away,,False,
1,Arizona State,Wyoming,48,7,-22.8,-6.5,-16.3,53.0,47.5,5.5,41.0,55.0,1.0,A+,Home,Over,True,True
1,Charlotte,James Madison,7,30,16.5,7.5,9.0,57.2,51.0,6.2,-23.0,37.0,1.0,A+,Away,Over,True,False
1,Arizona,New Mexico,61,39,-12.2,-30.5,18.3,67.1,54.0,13.1,22.0,100.0,1.0,A+,Away,Over,True,True
2,Nebraska,Colorado,28,10,1.0,-7.0,8.0,41.3,56.0,-14.7,18.0,38.0,1.0,A+,Away,Under,False,True
1,Georgia,Clemson,34,3,-11.7,-14.0,2.3,54.1,49.0,5.1,31.0,37.0,1.0,B,,Over,,False
8,West Virginia,Kansas State,18,45,7.4,2.5,4.9,58.8,56.5,2.3,-27.0,63.0,1.0,B,Away,,True,
15,SMU,Clemson,31,34,-5.3,-2.5,-2.8,61.2,56.5,4.7,-3.0,65.0,1.0,B,,Over,,True
1,Georgia Southern,Boise State,45,56,9.7,12.0,-2.3,61.7,57.0,4.7,-11.0,101.0,1.0,B,,Over,,True
1,South Carolina,Old Dominion,23,19,-20.8,-20.0,-0.8,53.2,54.5,-1.3,4.0,42.0,1.0,,,,,
1,South Alabama,North Texas,38,52,-10.0,-6.0,-4.0,72.7,65.0,7.7,-14.0,90.0,1.0,A,Home,Over,False,True
1,Houston,UNLV,7,27,9.4,-1.5,10.9,46.9,55.0,-8.1,-20.0,34.0,1.0,A+,Away,Under,True,True
9,Louisiana Tech,UTEP,14,10,-11.7,-6.5,-5.2,39.9,49.0,-9.1,4.0,24.0,1.0,A+,Home,Under,False,True
8,Georgia Tech,Notre Dame,13,31,16.8,14.0,2.8,57.3,49.5,7.8,-18.0,44.0,1.0,A,,Over,,False
15,Arizona State,Iowa State,45,19,-2.8,1.5,-4.3,49.9,51.0,-1.1,26.0,64.0,1.0,C,Home,,True,
8,Florida,Kentucky,48,20,-9.1,2.5,-11.6,42.7,42.5,0.2,28.0,68.0,1.0,A+,Home,,True,
8,Arizona,Colorado,7,34,9.5,-2.5,12.0,55.8,57.5,-1.7,-27.0,41.0,1.0,A+,Away,,True,
8,Illinois,Michigan,21,7,1.1,6.0,-4.9,34.8,44.0,-9.2,14.0,28.0,1.0,A+,Home,Under,True,True
15,Jacksonville State,Western Kentucky,52,12,-7.0,-4.5,-2.5,50.9,58.5,-7.6,40.0,64.0,1.0,A,,Under,,False
9,Kennesaw State,Liberty,27,24,16.1,27.0,-10.9,53.1,48.0,5.1,3.0,51.0,1.0,A+,Home,Over,True,True
9,Jacksonville State,Middle Tennessee,42,20,-22.8,-20.5,-2.3,55.9,64.0,-8.1,22.0,62.0,1.0,A+,,Under,,True
8,Oklahoma,South Carolina,9,35,2.0,1.0,1.0,39.7,40.5,-0.8,-26.0,44.0,1.0,,,,,
9,Old Dominion,Georgia Southern,47,19,-0.7,1.0,-1.7,59.2,51.5,7.7,28.0,66.0,1.0,A,,Over,,True
9,Pittsburgh,Syracuse,41,13,-2.6,-5.0,2.4,65.9,62.5,3.4,28.0,54.0,1.0,C,,Over,,False
9,Boston College,Louisville,27,31,9.2,7.0,2.2,58.9,54.0,4.9,-4.0,58.0,1.0,B,,Over,,True
15,Texas,Georgia,19,22,-4.6,-3.0,-1.6,45.2,51.0,-5.8,-3.0,41.0,1.0,B,,Under,,True
8,Maryland,USC,29,28,11.4,6.5,4.9,55.6,56.5,-0.9,1.0,57.0,1.0,B,Away,,False,
8,Indiana,Nebraska,56,7,-14.8,-6.5,-8.3,40.6,48.0,-7.4,49.0,63.0,1.0,A+,Home,Under,True,False
1,Michigan State,Florida Atlantic,16,10,-9.9,-11.5,1.6,40.6,47.0,-6.4,6.0,26.0,1.0,A,,Under,,True
1,Wisconsin,Western Michigan,28,14,-16.6,-24.0,7.4,49.1,56.5,-7.4,14.0,42.0,1.0,A,Away,Under,True,True
15,Army,Tulane,35,14,-0.5,5.0,-5.5,58.4,46.5,11.9,21.0,49.0,1.0,A+,Home,Over,True,True
9,UNLV,Boise State,24,29,0.4,4.0,-3.6,62.3,64.0,-1.7,-5.0,53.0,1.0,C,Home,,False,
15,Boise State,UNLV,21,7,-5.5,-4.0,-1.5,62.3,57.5,4.8,14.0,28.0,1.0,B,,Over,,False
15,Oregon,Penn State,45,37,-3.8,-3.5,-0.3,53.3,52.0,1.3,8.0,82.0,1.0,,,,,
1,UTSA,Kennesaw State,28,16,-21.8,-24.0,2.2,57.2,49.5,7.7,12.0,44.0,1.0,A,,Over,,False
1,Alabama,Western Kentucky,63,0,-30.5,-31.0,0.5,53.8,60.0,-6.2,63.0,63.0,1.0,A,,Under,,False
16,Army,Navy,13,31,-8.2,-6.5,-1.7,52.3,39.0,13.3,-18.0,44.0,1.0,A+,,Over,,True
5,Notre Dame,Louisville,31,24,-12.0,-6.5,-5.5,58.9,45.0,13.9,7.0,55.0,1.0,A+,Home,Over,True,True
4,Clemson,NC State,59,35,-14.2,-17.0,2.8,58.3,44.0,14.3,24.0,94.0,1.0,A+,,Over,,True
9,UCF,BYU,24,37,5.0,-2.5,7.5,51.2,53.5,-2.3,-13.0,61.0,1.0,A,Away,,True,
6,Florida State,Clemson,13,29,14.3,16.5,-2.2,50.5,47.0,3.5,-16.0,42.0,1.0,C,,Over,,False
10,Georgia,Florida,34,20,-13.2,-14.5,1.3,49.5,52.5,-3.0,14.0,54.0,1.0,C,,,,
13,Florida,Ole Miss,24,17,8.7,13.0,-4.3,47.5,57.5,-10.0,7.0,41.0,1.0,A+,Home,Under,True,True
9,Wisconsin,Penn State,13,28,14.2,6.5,7.7,47.1,47.0,0.1,-15.0,41.0,1.0,A,Away,,True,
1,Florida,Miami,17,41,3.3,2.5,0.8,65.8,54.5,11.3,-24.0,58.0,1.0,A+,,Over,,True
3,Florida,Texas A&M,20,33,0.6,4.5,-3.9,49.9,47.0,2.9,-13.0,53.0,1.0,C,Home,,False,
5,Texas A&M,Arkansas,21,17,-8.6,-6.5,-2.1,51.3,50.5,0.8,4.0,38.0,1.0,,,,,
4,Michigan,USC,27,24,-0.5,4.0,-4.5,44.4,44.0,0.4,3.0,51.0,1.0,B,Home,,True,
5,Miami,Virginia Tech,38,34,-12.1,-17.5,5.4,67.8,55.5,12.3,4.0,72.0,1.0,A+,Away,Over,True,True
3,Kansas State,Arizona,31,7,-16.7,-7.0,-9.7,52.4,58.0,-5.6,24.0,38.0,1.0,A+,Home,Under,True,True
3,Pittsburgh,West Virginia,38,34,-4.5,2.5,-7.0,61.0,60.5,0.5,4.0,72.0,1.0,A,Home,,True,
8,Louisville,Miami,45,52,1.5,4.5,-3.0,74.7,61.5,13.2,-7.0,97.0,1.0,A+,,Over,,True
9,Akron,Eastern Michigan,25,21,1.3,2.5,-1.2,50.7,50.5,0.2,4.0,46.0,1.0,,,,,
1,Vanderbilt,Virginia Tech,34,27,1.8,13.5,-11.7,52.9,53.5,-0.6,7.0,61.0,1.0,A+,Home,,True,
10,Clemson,Louisville,21,33,-2.1,-11.0,8.9,62.5,62.5,0.0,-12.0,54.0,1.0,A+,Away,,True,
3,Oregon State,Oregon,14,49,25.3,16.0,9.3,63.3,50.0,13.3,-35.0,63.0,1.0,A+,Away,Over,True,True
3,Washington,Washington State,19,24,-5.5,-4.0,-1.5,60.4,56.0,4.4,-5.0,43.0,1.0,C,,Over,,False
9,Ohio,Buffalo,47,16,-10.1,-4.0,-6.1,52.3,46.5,5.8,31.0,63.0,1.0,A,Home,Over,True,True
3,Wisconsin,Alabama,10,42,17.3,15.5,1.8,47.5,51.0,-3.5,-32.0,52.0,1.0,C,,Under,,False
1,Syracuse,Ohio,38,22,-5.6,-17.5,11.9,61.4,47.5,13.9,16.0,60.0,1.0,A+,Away,Over,True,True
9,Ole Miss,Oklahoma,26,14,-15.4,-19.0,3.6,45.3,50.0,-4.7,12.0,40.0,1.0,B,Away,Under,True,True
1,Ohio State,Akron,52,6,-44.7,-50.5,5.8,63.9,58.5,5.4,46.0,58.0,1.0,B,Away,Over,True,False
3,Colorado State,Colorado,9,28,13.3,7.5,5.8,55.8,58.5,-2.7,-19.0,37.0,1.0,B,Away,,True,
1,Kentucky,Southern Miss,31,0,-29.2,-25.5,-3.7,53.7,50.5,3.2,31.0,31.0,1.0,C,Home,Over,True,False
6,Texas A&M,Missouri,41,10,-4.4,-3.0,-1.4,50.6,47.5,3.1,31.0,51.0,1.0,C,,Over,,True
6,Ohio State,Iowa,35,7,-16.9,-17.0,0.1,42.6,46.0,-3.4,28.0,42.0,1.0,C,,Under,,True
1,Georgia Tech,Georgia State,35,12,-19.6,-20.5,0.9,63.0,57.0,6.0,23.0,47.0,1.0,A,,Over,,False
1,Texas,Colorado State,52,0,-33.0,-35.5,2.5,55.6,59.0,-3.4,52.0,52.0,1.0,C,,Under,,True
5,Utah,Arizona,10,23,-10.8,-7.5,-3.3,42.4,47.0,-4.6,-13.0,33.0,1.0,B,Home,Under,False,True
13,Auburn,Texas A&M,43,41,3.4,2.5,0.9,43.9,47.0,-3.1,2.0,84.0,1.0,C,,Under,,False
5,USC,Wisconsin,38,21,-11.0,-14.0,3.0,48.0,50.5,-2.5,17.0,59.0,1.0,C,,,,
9,Alabama,Missouri,34,0,-13.6,-16.0,2.4,50.5,51.5,-1.0,34.0,34.0,1.0,,,,,
8,Arkansas,LSU,10,34,3.3,3.0,0.3,57.2,57.0,0.2,-24.0,44.0,1.0,,,,,
13,Utah,Iowa State,28,31,1.9,6.5,-4.6,37.8,42.5,-4.7,-3.0,59.0,1.0,B,Home,Under,True,False
8,Texas,Georgia,15,30,-4.9,-4.0,-0.9,45.2,57.0,-11.8,-15.0,45.0,1.0,A+,,Under,,True
9,Virginia Tech,Georgia Tech,21,6,-6.8,-11.0,4.2,58.3,52.0,6.3,15.0,27.0,1.0,A,Away,Over,False,False
15,Louisiana,Marshall,3,31,-2.1,-5.0,2.9,61.4,58.0,3.4,-28.0,34.0,1.0,C,,Over,,False
2,Tulane,Kansas State,27,34,1.9,9.0,-7.1,59.0,47.0,12.0,-7.0,61.0,1.0,A+,Home,Over,True,True
2,Memphis,Troy,38,17,-13.5,-19.0,5.5,64.7,56.5,8.2,21.0,55.0,1.0,A+,Away,Over,False,False
2,Syracuse,Georgia Tech,31,28,-1.6,3.0,-4.6,69.3,61.0,8.3,3.0,59.0,1.0,A+,Home,Over,True,False
2,Penn State,Bowling Green,34,27,-26.1,-35.0,8.9,54.5,50.5,4.0,7.0,61.0,1.0,A+,Away,Over,True,True
2,Oklahoma State,Arkansas,39,31,6.9,-7.5,14.4,59.8,63.0,-3.2,8.0,70.0,1.0,A+,Away,Under,False,False
2,Florida Atlantic,Army,7,24,15.1,-3.5,18.6,53.0,42.5,10.5,-17.0,31.0,1.0,A+,Away,Over,True,False
2,Northwestern,Duke,20,26,7.7,-1.5,9.2,40.8,37.5,3.3,-6.0,46.0,1.0,A+,Away,Over,True,True
2,SMU,BYU,15,18,-7.8,-11.5,3.7,55.7,56.0,-0.3,-3.0,33.0,1.0,C,Away,,True,
2,Cincinnati,Pittsburgh,27,28,0.1,-2.0,2.1,51.8,62.5,-10.7,-1.0,55.0,1.0,A+,,Under,,True
2,Louisville,Jacksonville State,49,14,-17.7,-29.0,11.3,63.3,56.5,6.8,35.0,63.0,1.0,A+,Away,Over,False,True
2,Utah,Baylor,23,12,-0.8,-14.5,13.7,46.1,55.5,-9.4,11.0,35.0,1.0,A+,Away,Under,True,True
2,UCF,Sam Houston,45,14,-13.0,-21.5,8.5,43.2,55.5,-12.3,31.0,59.0,1.0,A+,Away,Under,False,False
2,Virginia Tech,Marshall,31,14,-8.9,-20.5,11.6,55.8,52.0,3.8,17.0,45.0,1.0,A+,Away,Over,True,False
2,Air Force,San José State,7,17,2.0,-5.0,7.0,47.1,44.5,2.6,-10.0,24.0,1.0,A,Away,,True,
2,Wake Forest,Virginia,30,31,-0.8,-1.0,0.2,56.2,56.0,0.2,-1.0,61.0,1.0,,,,,
2,Old Dominion,East Carolina,14,20,-2.3,-1.5,-0.8,60.8,54.0,6.8,-6.0,34.0,1.0,A,,Over,,False
2,Kennesaw State,Louisiana,10,34,20.3,14.0,6.3,56.4,47.5,8.9,-24.0,44.0,1.0,A+,Away,Over,True,False
2,North Carolina,Charlotte,38,20,-19.9,-22.0,2.1,62.4,48.0,14.4,18.0,58.0,1.0,A+,,Over,,True
2,Ohio,South Alabama,27,20,-1.2,2.0,-3.2,53.5,57.0,-3.5,7.0,47.0,1.0,C,Home,Under,True,True
2,Texas State,UTSA,49,10,-7.0,-1.0,-6.0,72.0,62.5,9.5,39.0,59.0,1.0,A+,Home,Over,True,False
2,Florida International,Central Michigan,52,16,-4.7,5.5,-10.2,49.4,51.5,-2.1,36.0,68.0,1.0,A+,Home,,True,
2,Nevada,Georgia Southern,17,20,6.3,-1.0,7.3,57.4,58.5,-1.1,-3.0,37.0,1.0,A,Away,,True,
2,Kentucky,South Carolina,6,31,6.9,-9.0,15.9,42.8,42.5,0.3,-25.0,37.0,1.0,A+,Away,,True,
2,Ole Miss,Middle Tennessee,52,3,-44.3,-43.0,-1.3,64.8,63.0,1.8,49.0,55.0,1.0,,,,,
2,Arkansas State,Tulsa,28,24,-12.9,-7.5,-5.4,66.9,65.5,1.4,4.0,52.0,1.0,B,Home,,False,
2,Missouri,Buffalo,38,0,-22.3,-34.5,12.2,53.7,52.0,1.7,38.0,38.0,1.0,A+,Away,,False,
2,Alabama,South Florida,42,16,-29.0,-31.0,2.0,61.1,64.0,-2.9,26.0,58.0,1.0,,,,,
2,Washington,Eastern Michigan,30,9,-19.8,-25.0,5.2,51.4,47.5,3.9,21.0,39.0,1.0,B,Away,Over,True,False
2,Maryland,Michigan State,24,27,-5.4,-9.5,4.1,38.1,44.5,-6.4,-3.0,51.0,1.0,A,Away,Under,True,False
2,Auburn,California,14,21,-7.6,-13.0,5.4,41.6,53.0,-11.4,-7.0,35.0,1.0,A+,Away,Under,True,True
2,Navy,Temple,38,11,-22.1,-13.5,-8.6,57.1,44.5,12.6,27.0,49.0,1.0,A+,Home,Over,True,True
2,Notre Dame,Northern Illinois,14,16,-29.7,-27.5,-2.2,50.0,44.5,5.5,-2.0,30.0,1.0,B,,Over,,False
2,Illinois,Kansas,23,17,-2.2,4.5,-6.7,54.4,57.5,-3.1,6.0,40.0,1.0,A,Home,Under,True,True
2,Ohio State,Western Michigan,56,0,-39.0,-37.5,-1.5,65.3,54.0,11.3,56.0,56.0,1.0,A+,,Over,,True
9,James Madison,Southern Miss,32,15,-30.4,-24.0,-6.4,58.9,54.0,4.9,17.0,47.0,1.0,A,Home,Over,False,False
9,Ball State,Northern Illinois,25,23,12.1,13.5,-1.4,50.6,47.5,3.1,2.0,48.0,1.0,C,,Over,,True
9,Western Michigan,Kent State,52,21,-22.8,-19.0,-3.8,62.7,61.0,1.7,31.0,73.0,1.0,C,Home,,True,
9,Duke,SMU,27,28,9.2,11.5,-2.3,52.9,49.5,3.4,-1.0,55.0,1.0,C,,Over,,True
2,USC,Utah State,48,0,-24.5,-28.5,4.0,75.7,63.0,12.7,48.0,48.0,1.0,A+,Away,Over,False,False
2,New Mexico State,Liberty,24,30,12.6,22.0,-9.4,56.3,54.0,2.3,-6.0,54.0,1.0,A+,Home,,True,
2,Oklahoma,Houston,16,12,-18.3,-28.0,9.7,40.2,50.0,-9.8,4.0,28.0,1.0,A+,Away,Under,True,True
2,Oregon,Boise State,37,34,-14.8,-21.0,6.2,62.2,60.5,1.7,3.0,71.0,1.0,A,Away,,True,
2,Arizona State,Mississippi State,30,23,-13.9,-5.5,-8.4,55.6,59.0,-3.4,7.0,53.0,1.0,A+,Home,Under,True,True
2,San Diego State,Oregon State,0,21,5.1,6.0,-0.9,54.2,54.0,0.2,-21.0,21.0,1.0,,,,,
2,Washington State,Texas Tech,37,16,1.0,-2.5,3.5,75.0,65.5,9.5,21.0,53.0,1.0,A+,Away,Over,False,False
3,Kansas,UNLV,20,23,-2.3,-7.0,4.7,61.7,57.0,4.7,-3.0,43.0,1.0,B,Away,Over,True,False
3,Purdue,Notre Dame,7,66,34.3,11.5,22.8,62.0,45.5,16.5,-59.0,73.0,1.0,A+,Away,Over,True,True
3,TCU,UCF,34,35,-6.8,-1.5,-5.3,57.8,61.5,-3.7,-1.0,69.0,1.0,B,Home,Under,False,False
3,Kentucky,Georgia,12,13,15.4,24.0,-8.6,48.0,45.0,3.0,-1.0,25.0,1.0,A+,Home,,True,
3,Florida State,Memphis,12,20,5.7,-7.0,12.7,55.9,52.0,3.9,-8.0,32.0,1.0,A+,Away,Over,True,False
3,South Carolina,LSU,33,36,-3.0,7.0,-10.0,52.2,50.0,2.2,-3.0,69.0,1.0,A+,Home,,True,
9,Memphis,Charlotte,33,28,-21.7,-17.0,-4.7,69.5,56.0,13.5,5.0,61.0,1.0,A+,Home,Over,False,True
9,Virginia,North Carolina,14,41,3.7,-3.5,7.2,56.4,58.5,-2.1,-27.0,55.0,1.0,A,Away,,True,
13,Georgia Tech,NC State,30,29,-5.4,-7.5,2.1,61.0,51.5,9.5,1.0,59.0,1.0,A+,,Over,,True
13,Ohio State,Indiana,38,15,-10.7,-10.5,-0.2,45.7,52.5,-6.8,23.0,53.0,1.0,A,,Under,,False
13,Minnesota,Penn State,25,26,9.9,11.0,-1.1,42.7,45.0,-2.3,-1.0,51.0,1.0,,,,,
9,Navy,Notre Dame,14,51,19.8,11.5,8.3,52.8,52.0,0.8,-37.0,65.0,1.0,A+,Away,,True,
13,Arizona State,BYU,28,23,-1.2,-3.5,2.3,49.7,49.0,0.7,5.0,51.0,1.0,,,,,
13,Liberty,Western Kentucky,38,21,-4.0,-1.0,-3.0,48.6,56.5,-7.9,17.0,59.0,1.0,A,,Under,,False
9,North Texas,Tulane,37,45,11.4,7.0,4.4,75.9,70.5,5.4,-8.0,82.0,1.0,B,Away,Over,True,True
13,Texas,Kentucky,31,14,-22.4,-18.5,-3.9,47.3,47.0,0.3,17.0,45.0,1.0,C,Home,,False,
13,Notre Dame,Army,49,14,-19.9,-14.5,-5.4,51.1,44.5,6.6,35.0,63.0,1.0,A,Home,Over,True,True
13,LSU,Vanderbilt,24,17,-11.5,-10.0,-1.5,57.7,53.0,4.7,7.0,41.0,1.0,B,,Over,,False
9,Indiana,Washington,31,17,-16.4,-5.5,-10.9,47.2,54.0,-6.8,14.0,48.0,1.0,A+,Home,Under,True,True
13,Eastern Michigan,Buffalo,20,37,2.8,-1.0,3.8,56.0,53.5,2.5,-17.0,57.0,1.0,C,Away,,True,
13,Toledo,Ohio,7,24,1.7,-1.5,3.2,47.5,47.0,0.5,-17.0,31.0,1.0,C,Away,,True,
9,East Carolina,Temple,56,34,-17.2,-8.5,-8.7,58.9,48.5,10.4,22.0,90.0,1.0,A+,Home,Over,True,True
9,Mississippi State,Arkansas,25,58,7.8,7.5,0.3,55.4,55.0,0.4,-33.0,83.0,1.0,,,,,
9,Miami (OH),Central Michigan,46,7,-16.1,-10.5,-5.6,47.3,48.5,-1.2,39.0,53.0,1.0,B,Home,,True,
13,Miami (OH),Northern Illinois,20,9,-5.1,-1.5,-3.6,34.6,43.0,-8.4,11.0,29.0,1.0,A+,Home,Under,True,True
9,Oregon,Illinois,38,9,-18.3,-22.0,3.7,52.6,54.0,-1.4,29.0,47.0,1.0,C,Away,,False,
13,Kent State,Akron,17,38,11.9,10.5,1.4,52.3,49.0,3.3,-21.0,55.0,1.0,C,,Over,,True
13,Central Michigan,Western Michigan,16,14,2.2,6.0,-3.8,58.3,56.0,2.3,2.0,30.0,1.0,C,Home,,True,
9,Minnesota,Maryland,48,23,-13.1,-6.0,-7.1,42.5,45.0,-2.5,25.0,71.0,1.0,A,Home,,True,
9,UConn,Rice,17,10,-10.9,-6.5,-4.4,49.1,47.0,2.1,7.0,27.0,1.0,C,Home,,True,
9,Arkansas State,Troy,34,31,1.6,-8.5,10.1,59.6,50.0,9.6,3.0,65.0,1.0,A+,Away,Over,True,True
9,Kentucky,Auburn,10,24,1.6,-2.0,3.6,38.6,44.0,-5.4,-14.0,34.0,1.0,B,Away,Under,True,True
9,TCU,Texas Tech,35,34,-5.9,-5.0,-0.9,67.3,66.5,0.8,1.0,69.0,1.0,,,,,
3,Fresno State,New Mexico State,48,0,-17.9,-20.0,2.1,54.2,48.5,5.7,48.0,48.0,1.0,B,,Over,,False
3,Michigan,Arkansas State,28,18,-23.1,-22.5,-0.6,49.1,45.5,3.6,10.0,46.0,1.0,C,,Over,,True
9,Houston,Utah,17,14,8.9,5.0,3.9,37.9,36.5,1.4,3.0,31.0,1.0,C,Away,,False,
3,Texas State,Arizona State,28,31,3.7,2.0,1.7,61.5,58.5,3.0,-3.0,59.0,1.0,C,,,,
3,California,San Diego State,31,10,-19.6,-18.0,-1.6,49.3,49.5,-0.2,21.0,41.0,1.0,,,,,
3,Illinois,Central Michigan,30,9,-23.7,-20.0,-3.7,53.1,51.5,1.6,21.0,39.0,1.0,C,Home,,True,
3,Missouri,Boston College,27,21,-12.4,-16.5,4.1,50.7,54.0,-3.3,6.0,48.0,1.0,C,Away,Under,True,True
3,NC State,Louisiana Tech,30,20,-15.1,-21.5,6.4,46.0,51.0,-5.0,10.0,50.0,1.0,A,Away,Under,True,True
3,Texas Tech,North Texas,66,21,-12.8,-9.5,-3.3,80.2,68.5,11.7,45.0,87.0,1.0,A+,Home,Over,True,True
3,Baylor,Air Force,31,3,-19.4,-15.5,-3.9,50.8,43.5,7.3,28.0,34.0,1.0,A,Home,Over,True,False
3,UCLA,Indiana,13,42,13.6,2.5,11.1,48.1,46.5,1.6,-29.0,55.0,1.0,A+,Away,,True,
3,Tennessee,Kent State,71,0,-45.0,-47.5,2.5,67.3,62.5,4.8,71.0,71.0,1.0,B,,Over,,True
3,Tulsa,Oklahoma State,10,45,17.1,20.0,-2.9,68.2,62.5,5.7,-35.0,55.0,1.0,B,,Over,,False
3,Utah State,Utah,21,38,13.9,21.5,-7.6,56.9,46.5,10.4,-17.0,59.0,1.0,A+,Home,Over,True,True
3,Houston,Rice,33,7,-6.7,-5.0,-1.7,39.1,44.0,-4.9,26.0,40.0,1.0,B,,Under,,True
9,Baylor,Oklahoma State,38,28,-11.7,-7.0,-4.7,66.4,64.5,1.9,10.0,66.0,1.0,B,Home,,True,
3,Virginia,Maryland,13,27,-0.4,2.0,-2.4,49.0,55.0,-6.0,-14.0,40.0,1.0,A,,Under,,True
3,San José State,Kennesaw State,31,10,-19.1,-19.0,-0.1,51.0,44.0,7.0,21.0,41.0,1.0,A,,Over,,False
3,Texas,UTSA,56,7,-28.9,-34.5,5.6,57.9,53.5,4.4,49.0,63.0,1.0,B,Away,Over,False,True
3,Southern Miss,South Florida,24,49,16.6,11.5,5.1,62.3,58.5,3.8,-25.0,73.0,1.0,B,Away,Over,True,True
3,Middle Tennessee,Western Kentucky,21,49,12.4,7.5,4.9,49.2,54.0,-4.8,-28.0,70.0,1.0,B,Away,Under,True,False
3,Wake Forest,Ole Miss,6,40,24.9,23.5,1.4,59.3,63.5,-4.2,-34.0,46.0,1.0,C,,Under,,True
3,Duke,UConn,26,21,-9.1,-17.0,7.9,46.2,47.5,-1.3,5.0,47.0,1.0,A,Away,,True,
3,Oklahoma,Tulane,34,19,-5.1,-13.5,8.4,49.3,50.0,-0.7,15.0,53.0,1.0,A+,Away,,False,
3,Eastern Michigan,Jacksonville State,37,34,9.0,-2.0,11.0,57.5,49.5,8.0,3.0,71.0,1.0,A+,Away,Over,False,True
3,Liberty,UTEP,28,10,-19.0,-23.5,4.5,52.2,57.5,-5.3,18.0,38.0,1.0,B,Away,Under,True,True
3,Iowa,Troy,38,21,-20.6,-22.5,1.9,46.9,39.0,7.9,17.0,59.0,1.0,A,,Over,,True
3,Miami (OH),Cincinnati,16,27,0.0,2.5,-2.5,42.6,45.5,-2.9,-11.0,43.0,1.0,,,,,
3,Florida Atlantic,Florida International,38,20,-2.4,-6.0,3.6,50.3,44.0,6.3,18.0,58.0,1.0,A,Away,Over,False,True
3,Temple,Coastal Carolina,20,28,10.7,17.5,-6.8,59.6,52.0,7.6,-8.0,48.0,1.0,A,Home,Over,True,False
3,Old Dominion,Virginia Tech,17,37,10.2,14.0,-3.8,56.3,50.0,6.3,-20.0,54.0,1.0,A,Home,Over,False,True
3,Mississippi State,Toledo,17,41,-4.3,-13.0,8.7,53.1,59.5,-6.4,-24.0,58.0,1.0,A+,Away,Under,True,True
3,Auburn,New Mexico,45,19,-23.1,-28.0,4.9,59.4,61.5,-2.1,26.0,64.0,1.0,B,Away,,True,
3,Minnesota,Nevada,27,0,-22.3,-16.0,-6.3,49.6,43.5,6.1,27.0,27.0,1.0,A,Home,Over,True,False
3,Georgia State,Vanderbilt,36,32,14.8,10.0,4.8,57.6,46.0,11.6,4.0,68.0,1.0,A+,Away,Over,False,True
3,Miami,Ball State,62,0,-37.7,-36.5,-1.2,76.2,54.5,21.7,62.0,62.0,1.0,A+,,Over,,True
3,Arkansas,UAB,37,27,-22.5,-24.0,1.5,62.6,59.5,3.1,10.0,64.0,1.0,C,,Over,,True
3,Wyoming,BYU,14,34,19.6,10.0,9.6,52.6,39.5,13.1,-20.0,48.0,1.0,A+,Away,Over,True,True
9,Vanderbilt,Texas,24,27,17.3,17.0,0.3,51.8,51.0,0.8,-3.0,51.0,1.0,,,,,
8,Middle Tennessee,Kennesaw State,14,5,-3.4,-8.5,5.1,41.9,50.0,-8.1,9.0,19.0,1.0,A+,Away,Under,False,True
4,Ole Miss,Georgia Southern,52,13,-27.3,-35.0,7.7,57.6,68.5,-10.9,39.0,65.0,1.0,A+,Away,Under,False,True
4,Penn State,Kent State,56,0,-45.0,-49.0,4.0,71.1,58.0,13.1,56.0,56.0,1.0,A+,Away,Over,False,False
4,South Carolina,Akron,50,7,-33.6,-25.0,-8.6,56.5,42.0,14.5,43.0,57.0,1.0,A+,Home,Over,True,True
4,Ohio State,Marshall,49,14,-26.9,-40.0,13.1,56.2,57.0,-0.8,35.0,63.0,1.0,A+,Away,,True,
4,Coastal Carolina,Virginia,24,43,-0.1,3.5,-3.6,57.5,52.0,5.5,-19.0,67.0,1.0,B,Home,Over,False,True
5,Michigan State,Ohio State,7,38,28.2,23.5,4.7,53.4,48.5,4.9,-31.0,45.0,1.0,B,Away,Over,True,False
8,UTEP,Florida International,30,21,5.9,7.0,-1.1,45.3,47.0,-1.7,9.0,51.0,1.0,,,,,
4,Northern Illinois,Buffalo,20,23,-6.1,-13.0,6.9,42.8,43.0,-0.2,-3.0,43.0,1.0,A,Away,,True,
8,New Mexico State,Louisiana Tech,33,30,5.9,12.5,-6.6,43.8,49.0,-5.2,3.0,63.0,1.0,A,Home,Under,True,False
4,Boston College,Michigan State,23,19,-9.3,-4.5,-4.8,41.9,45.5,-3.6,4.0,42.0,1.0,B,Home,Under,False,True
8,Marshall,Georgia State,35,20,-17.7,-9.5,-8.2,60.5,51.5,9.0,15.0,55.0,1.0,A+,Home,Over,True,True
8,South Alabama,Troy,25,9,-10.4,-10.0,-0.4,56.6,53.0,3.6,16.0,34.0,1.0,C,,Over,,False
4,Temple,Utah State,45,29,5.9,6.5,-0.6,71.2,53.5,17.7,16.0,74.0,1.0,A+,,Over,,True
4,Jacksonville State,Southern Miss,44,7,-23.4,-6.0,-17.4,58.0,59.0,-1.0,37.0,51.0,1.0,A+,Home,,True,
9,Colorado State,New Mexico,17,6,-7.4,-4.0,-3.4,67.1,61.5,5.6,11.0,23.0,1.0,B,Home,Over,True,False
8,Duke,Florida State,23,16,-10.0,-2.5,-7.5,41.8,43.0,-1.2,7.0,39.0,1.0,A,Home,,True,
9,Colorado,Cincinnati,34,23,-10.5,-6.0,-4.5,53.0,57.0,-4.0,11.0,57.0,1.0,B,Home,Under,True,
4,UConn,Florida Atlantic,48,14,-11.9,-1.0,-10.9,51.1,45.5,5.6,34.0,62.0,1.0,A+,Home,Over,True,True
4,Iowa State,Arkansas State,52,7,-22.2,-20.5,-1.7,56.4,52.0,4.4,45.0,59.0,1.0,C,,Over,,True
4,Sam Houston,New Mexico State,31,11,-14.6,-15.0,0.4,46.9,44.5,2.4,20.0,42.0,1.0,,,,,
8,Cincinnati,Arizona State,24,14,5.5,-5.5,11.0,49.5,51.0,-1.5,10.0,38.0,1.0,A+,Away,,False,
9,Stanford,Wake Forest,24,27,-0.9,3.0,-3.9,61.7,53.0,8.7,-3.0,51.0,1.0,A+,Home,Over,,False
9,California,Oregon State,44,7,-12.2,-13.0,0.8,54.7,51.0,3.7,37.0,51.0,1.0,C,,Over,,
9,Wyoming,Utah State,25,27,-1.4,2.0,-3.4,63.2,56.5,6.7,-2.0,52.0,1.0,A,Home,Over,,False
8,Mississippi State,Texas A&M,24,34,14.3,21.0,-6.7,55.0,55.5,-0.5,-10.0,58.0,1.0,A,Home,,True,
4,Notre Dame,Miami (OH),28,3,-27.6,-27.5,-0.1,51.6,44.0,7.6,25.0,31.0,1.0,A,,Over,,False
4,Navy,Memphis,56,44,1.9,9.5,-7.6,64.4,47.0,17.4,12.0,100.0,1.0,A+,Home,Over,True,True
9,Arizona,West Virginia,26,31,2.1,-5.5,7.6,58.8,51.5,7.3,-5.0,57.0,1.0,A,Away,Over,True,True
8,Clemson,Virginia,48,31,-19.4,-20.0,0.6,54.9,57.5,-2.6,17.0,79.0,1.0,,,,,
9,Fresno State,San José State,33,10,-4.0,-6.5,2.5,54.5,55.0,-0.5,23.0,43.0,1.0,,,,,
9,San Diego State,Washington State,26,29,12.7,17.0,-4.3,60.5,57.0,3.5,-3.0,55.0,1.0,C,Home,Over,True,False
5,UNLV,Fresno State,59,14,-11.8,-2.5,-9.3,55.5,51.0,4.5,45.0,73.0,1.0,A+,Home,Over,True,True
5,UCF,Colorado,21,48,2.4,-12.5,14.9,57.2,60.5,-3.3,-27.0,69.0,1.0,A+,Away,Under,True,False
5,Boise State,Washington State,45,24,-10.8,-6.5,-4.3,70.2,66.0,4.2,21.0,69.0,1.0,C,Home,Over,True,True
4,Texas Tech,Arizona State,30,22,2.0,-4.5,6.5,63.2,58.5,4.7,8.0,52.0,1.0,A,Away,Over,False,False
8,Purdue,Oregon,0,35,34.4,30.0,4.4,64.2,61.0,3.2,-35.0,35.0,1.0,C,Away,Over,True,False
8,Nevada,Fresno State,21,24,5.6,3.0,2.6,53.5,50.0,3.5,-3.0,45.0,1.0,C,,Over,,False
8,BYU,Oklahoma State,38,35,-15.0,-8.5,-6.5,57.5,53.0,4.5,3.0,73.0,1.0,A,Home,Over,False,True
9,Iowa,Northwestern,40,14,-20.5,-16.5,-4.0,41.1,38.0,3.1,26.0,54.0,1.0,C,Home,Over,True,True
4,Auburn,Arkansas,14,24,-3.0,-2.5,-0.5,44.4,53.5,-9.1,-10.0,38.0,1.0,A+,,Under,,True
8,UConn,Wake Forest,20,23,-6.6,2.5,-9.1,55.8,55.5,0.3,-3.0,43.0,1.0,A+,Home,,False,
8,Army,East Carolina,45,28,-13.3,-17.5,4.2,56.6,54.0,2.6,17.0,73.0,1.0,C,Away,,True,
4,BYU,Kansas State,38,9,-0.9,7.5,-8.4,49.8,49.5,0.3,29.0,47.0,1.0,A+,Home,,True,
4,New Mexico,Fresno State,21,38,7.0,12.0,-5.0,66.4,61.0,5.4,-17.0,59.0,1.0,B,Home,Over,False,False
8,Miami (OH),Ohio,30,20,-1.2,-3.5,2.3,43.1,43.5,-0.4,10.0,50.0,1.0,,,,,
8,Georgia Southern,James Madison,28,14,5.5,9.5,-4.0,54.8,58.5,-3.7,14.0,42.0,1.0,C,Home,Under,True,True
4,LSU,UCLA,34,17,-15.9,-21.5,5.6,49.9,56.5,-6.6,17.0,51.0,1.0,A,Away,Under,True,True
4,Colorado,Baylor,38,31,-3.6,-2.5,-1.1,62.1,52.5,9.6,7.0,69.0,1.0,A+,,Over,,True
8,Temple,Tulsa,20,10,-5.0,-3.5,-1.5,62.2,51.5,10.7,10.0,30.0,1.0,A+,,Over,,False
8,Buffalo,Western Michigan,41,48,-5.5,1.0,-6.5,61.9,49.5,12.4,-7.0,89.0,1.0,A+,Home,Over,False,True
8,Old Dominion,Texas State,24,14,5.2,10.5,-5.3,65.2,60.0,5.2,10.0,38.0,1.0,B,Home,Over,True,False
8,Navy,Charlotte,51,17,-17.6,-16.5,-1.1,58.5,57.5,1.0,34.0,68.0,1.0,,,,,
4,Oregon State,Purdue,38,21,-10.6,-1.5,-9.1,57.2,51.0,6.2,17.0,59.0,1.0,A+,Home,Over,True,True
4,Texas A&M,Bowling Green,26,20,-19.6,-21.0,1.4,51.0,50.5,0.5,6.0,46.0,1.0,,,,,
9,Tulsa,UTSA,46,45,16.5,9.5,7.0,70.9,53.0,17.9,1.0,91.0,1.0,A+,Away,Over,False,True
8,Coastal Carolina,Louisiana,24,34,5.5,6.0,-0.5,63.8,57.0,6.8,-10.0,58.0,1.0,A,,Over,,True
8,Eastern Michigan,Central Michigan,38,34,-4.4,-3.5,-0.9,52.4,52.5,-0.1,4.0,72.0,1.0,,,,,
4,Western Kentucky,Toledo,26,21,-0.8,2.0,-2.8,44.6,60.5,-15.9,5.0,47.0,1.0,A+,,Under,,True
8,Texas Tech,Baylor,35,59,0.0,-4.5,4.5,69.6,56.0,13.6,-24.0,94.0,1.0,A+,Away,Over,True,True
8,Memphis,North Texas,52,44,-13.3,-10.5,-2.8,80.8,67.5,13.3,8.0,96.0,1.0,A+,,Over,,True
8,Bowling Green,Kent State,27,6,-30.6,-24.0,-6.6,59.2,54.5,4.7,21.0,33.0,1.0,A,Home,Over,False,False
8,South Florida,UAB,35,25,-11.5,-14.0,2.5,72.4,55.5,16.9,10.0,60.0,1.0,A+,,Over,,True
8,Northern Illinois,Toledo,6,13,-2.5,-3.0,0.5,38.0,42.5,-4.5,-7.0,19.0,1.0,B,,Under,,True
9,Toledo,Bowling Green,26,41,-1.5,-2.0,0.5,49.2,48.0,1.2,-15.0,67.0,1.0,,,,,
4,South Florida,Miami,15,50,18.5,17.0,1.5,77.0,64.5,12.5,-35.0,65.0,1.0,A+,,Over,,True
8,Utah State,New Mexico,45,50,-3.6,1.0,-4.6,84.2,78.5,5.7,-5.0,95.0,1.0,B,Home,Over,False,True
4,North Texas,Wyoming,44,17,-8.2,-7.0,-1.2,63.0,55.0,8.0,27.0,61.0,1.0,A+,,Over,,True
8,Utah,TCU,7,13,0.0,-3.0,3.0,43.8,52.0,-8.2,-6.0,20.0,1.0,A+,,Under,,True
4,Florida State,California,14,9,4.3,-3.0,7.3,42.5,44.0,-1.5,5.0,23.0,1.0,A,Away,,False,
8,Northwestern,Wisconsin,3,23,7.4,9.5,-2.1,37.1,42.5,-5.4,-20.0,26.0,1.0,B,,Under,,True
4,Liberty,East Carolina,35,24,-3.0,-7.5,4.5,58.6,55.0,3.6,11.0,59.0,1.0,B,Away,Over,False,True
8,Air Force,Colorado State,13,21,0.7,6.0,-5.3,44.3,43.5,0.8,-8.0,34.0,1.0,B,Home,,False,
4,Louisiana Tech,Tulsa,20,23,-12.5,-3.0,-9.5,49.3,56.5,-7.2,-3.0,43.0,1.0,A+,Home,Under,False,True
8,San José State,Wyoming,24,14,-9.7,-13.0,3.3,48.9,53.0,-4.1,10.0,38.0,1.0,C,Away,Under,True,True
4,Colorado State,UTEP,27,17,-15.2,-8.5,-6.7,48.2,49.0,-0.8,10.0,44.0,1.0,A,Home,,True,
8,California,NC State,23,24,-4.8,-9.5,4.7,52.3,46.0,6.3,-1.0,47.0,1.0,A,Away,Over,True,True
10,Syracuse,Virginia Tech,38,31,2.9,3.5,-0.6,64.0,54.0,10.0,7.0,69.0,1.0,A+,,Over,,True
8,Kansas,Houston,42,14,-14.4,-4.5,-9.9,47.1,45.5,1.6,28.0,56.0,1.0,A+,Home,,True,
4,SMU,TCU,66,42,-9.6,1.0,-10.6,62.3,58.5,3.8,24.0,108.0,1.0,A+,Home,Over,True,True
10,SMU,Pittsburgh,48,25,-14.4,-7.0,-7.4,60.5,55.5,5.0,23.0,73.0,1.0,A,Home,Over,True,True
8,UTSA,Florida Atlantic,38,24,-12.1,-4.0,-8.1,62.3,52.5,9.8,14.0,62.0,1.0,A+,Home,Over,True,True
10,Arkansas,Ole Miss,31,63,11.6,8.0,3.6,49.2,54.0,-4.8,-32.0,94.0,1.0,B,Away,Under,True,False
8,Vanderbilt,Ball State,24,14,-25.7,-27.5,1.8,61.3,57.5,3.8,10.0,38.0,1.0,C,,Over,,False
8,Stanford,SMU,10,40,20.4,16.5,3.9,63.4,52.5,10.9,-30.0,50.0,1.0,A+,Away,Over,True,False
4,Middle Tennessee,Duke,17,45,22.3,14.5,7.8,53.8,51.0,2.8,-28.0,62.0,1.0,A,Away,,True,
8,Oregon State,UNLV,25,33,10.6,6.5,4.1,61.6,61.0,0.6,-8.0,58.0,1.0,C,Away,,True,
8,Tulane,Rice,24,10,-20.7,-21.5,0.8,56.5,53.5,3.0,14.0,34.0,1.0,C,,,,
4,Louisville,Georgia Tech,31,19,-12.2,-9.5,-2.7,65.2,56.0,9.2,12.0,50.0,1.0,A+,,Over,,False
8,Southern Miss,Arkansas State,28,44,9.3,7.0,2.3,59.2,57.0,2.2,-16.0,72.0,1.0,,,,,
10,Texas State,Louisiana,17,23,-4.2,-4.0,-0.2,67.5,60.5,7.0,-6.0,40.0,1.0,A,,Over,,False
10,Iowa,Wisconsin,42,10,-10.7,-2.5,-8.2,36.6,40.0,-3.4,32.0,52.0,1.0,A+,Home,Under,True,False
8,Michigan State,Iowa,32,20,14.1,7.0,7.1,40.9,39.5,1.4,12.0,52.0,1.0,A,Away,,False,
4,Washington,Northwestern,24,5,-12.8,-11.5,-1.3,41.4,42.5,-1.1,19.0,29.0,1.0,,,,,
10,South Carolina,Texas A&M,44,20,-2.5,3.0,-5.5,46.3,43.5,2.8,24.0,64.0,1.0,B,Home,,True,
4,Missouri,Vanderbilt,30,27,-10.6,-17.5,6.9,51.6,52.0,-0.4,3.0,57.0,1.0,A,Away,,True,
4,Minnesota,Iowa,14,31,0.8,3.0,-2.2,34.0,34.5,-0.5,-17.0,45.0,1.0,,,,,
4,West Virginia,Kansas,32,28,2.3,-1.0,3.3,64.3,55.0,9.3,4.0,60.0,1.0,A+,Away,Over,False,True
4,Indiana,Charlotte,52,14,-33.9,-28.5,-5.4,62.4,51.0,11.4,38.0,66.0,1.0,A+,Home,Over,True,True
4,Mississippi State,Florida,28,45,10.8,6.5,4.3,54.0,57.5,-3.5,-17.0,73.0,1.0,C,Away,Under,True,False
4,North Carolina,James Madison,50,70,-0.9,-11.0,10.1,56.0,48.5,7.5,-20.0,120.0,1.0,A+,Away,Over,True,True
4,Army,Rice,37,14,-18.4,-7.5,-10.9,51.3,43.5,7.8,23.0,51.0,1.0,A+,Home,Over,True,True
4,Louisiana,Tulane,33,41,3.2,1.5,1.7,64.9,53.0,11.9,-8.0,74.0,1.0,A+,,Over,,True
4,Kentucky,Ohio,41,6,-7.0,-21.5,14.5,42.1,42.0,0.1,35.0,47.0,1.0,A+,Away,,False,
4,Central Michigan,Ball State,37,34,-5.7,-6.5,0.8,59.7,50.5,9.2,3.0,71.0,1.0,A+,,Over,,True
4,Nebraska,Illinois,24,31,-1.5,-9.0,7.5,34.6,42.5,-7.9,-7.0,55.0,1.0,A,Away,Under,True,False
4,Syracuse,Stanford,24,26,-12.9,-9.5,-3.4,68.8,56.5,12.3,-2.0,50.0,1.0,A+,Home,Over,False,False
4,Washington State,San José State,54,52,-8.6,-13.0,4.4,66.9,55.5,11.4,2.0,106.0,1.0,A+,Away,Over,True,True
4,Cincinnati,Houston,34,0,-9.1,-4.0,-5.1,39.9,47.5,-7.6,34.0,34.0,1.0,A,Home,Under,True,True
5,UCLA,Oregon,13,34,19.3,23.5,-4.2,53.9,54.5,-0.6,-21.0,47.0,1.0,C,Home,,True,
5,Penn State,Illinois,21,7,-17.1,-19.5,2.4,48.2,48.0,0.2,14.0,28.0,1.0,,,,,
5,Ole Miss,Kentucky,17,20,-20.1,-15.0,-5.1,48.4,51.5,-3.1,-3.0,37.0,1.0,B,Home,Under,False,True
5,SMU,Florida State,42,16,-21.3,-6.0,-15.3,53.3,46.0,7.3,26.0,58.0,1.0,A+,Home,Over,True,True
13,UTSA,Temple,51,27,-19.5,-16.5,-3.0,64.5,56.0,8.5,24.0,78.0,1.0,A+,,Over,,True
5,Temple,Army,14,42,22.5,11.0,11.5,58.7,46.5,12.2,-28.0,56.0,1.0,A+,Away,Over,True,True
13,Michigan State,Purdue,24,17,-12.8,-14.0,1.2,41.4,49.0,-7.6,7.0,41.0,1.0,A,,Under,,True
5,Georgia State,Georgia Southern,21,38,7.8,-3.5,11.3,60.6,57.5,3.1,-17.0,59.0,1.0,A+,Away,Over,True,True
5,Kent State,Eastern Michigan,33,52,15.5,14.0,1.5,56.8,46.0,10.8,-19.0,85.0,1.0,A+,,Over,,True
5,East Carolina,UTSA,30,20,-1.1,-2.0,0.9,67.6,53.5,14.1,10.0,50.0,1.0,A+,,Over,,False
5,Clemson,Stanford,40,14,-22.8,-24.0,1.2,60.4,58.0,2.4,26.0,54.0,1.0,,,,,
5,Ohio,Akron,30,10,-19.2,-8.5,-10.7,51.6,46.0,5.6,20.0,40.0,1.0,A+,Home,Over,True,False
5,NC State,Northern Illinois,24,17,-7.8,-7.0,-0.8,43.6,46.0,-2.4,7.0,41.0,1.0,,,,,
5,Wake Forest,Louisiana,38,41,4.7,-3.0,7.7,62.5,59.5,3.0,-3.0,79.0,1.0,A,Away,,True,
5,Central Michigan,San Diego State,22,21,-1.1,-2.5,1.4,47.4,47.5,-0.1,1.0,43.0,1.0,,,,,
5,Indiana,Maryland,42,28,-21.4,-7.5,-13.9,51.9,50.0,1.9,14.0,70.0,1.0,A+,Home,,True,
13,Virginia,SMU,7,33,16.7,11.5,5.2,57.9,54.5,3.4,-26.0,40.0,1.0,B,Away,Over,True,False
5,James Madison,Ball State,63,7,-25.7,-22.0,-3.7,60.3,56.5,3.8,56.0,70.0,1.0,C,Home,Over,True,True
5,Bowling Green,Old Dominion,27,30,-4.0,-11.0,7.0,55.4,51.5,3.9,-3.0,57.0,1.0,A,Away,Over,True,True
5,UConn,Buffalo,47,3,-8.0,-6.0,-2.0,53.8,44.5,9.3,44.0,50.0,1.0,A+,,Over,,True
5,Boston College,Western Kentucky,21,20,-10.3,-7.5,-2.8,46.5,48.0,-1.5,1.0,41.0,1.0,,,,,
13,West Virginia,UCF,31,21,-0.2,3.0,-3.2,60.2,60.0,0.2,10.0,52.0,1.0,C,Home,,True,
13,Louisville,Pittsburgh,37,9,-12.9,-7.0,-5.9,61.8,57.0,4.8,28.0,46.0,1.0,B,Home,Over,True,False
5,Marshall,Western Michigan,27,20,-15.1,-3.5,-11.6,62.8,53.5,9.3,7.0,47.0,1.0,A+,Home,Over,True,False
13,TCU,Arizona,49,28,-14.1,-10.5,-3.6,56.4,60.0,-3.6,21.0,77.0,1.0,C,Home,Under,True,False
5,Kansas,TCU,27,38,-0.7,-1.5,0.8,61.9,58.5,3.4,-11.0,65.0,1.0,C,,Over,,True
5,Texas Tech,Cincinnati,44,41,-6.0,-3.0,-3.0,60.5,60.0,0.5,3.0,85.0,1.0,C,,,,
13,Nebraska,Wisconsin,44,25,-3.5,-1.5,-2.0,34.0,40.5,-6.5,19.0,69.0,1.0,A,,Under,,False
5,Tulane,South Florida,45,10,-13.2,-4.0,-9.2,68.5,60.5,8.0,35.0,55.0,1.0,A+,Home,Over,True,False
5,Sam Houston,Texas State,40,39,7.4,11.0,-3.6,51.0,55.0,-4.0,1.0,79.0,1.0,C,Home,Under,True,False
13,Mississippi State,Missouri,20,39,11.8,9.5,2.3,54.7,58.0,-3.3,-19.0,59.0,1.0,C,,Under,,False
5,UAB,Navy,18,41,10.2,4.5,5.7,63.4,56.5,6.9,-23.0,59.0,1.0,A,Away,Over,True,True
13,Michigan,Northwestern,50,6,-18.2,-10.5,-7.7,38.2,35.5,2.7,44.0,56.0,1.0,A,Home,,True,
5,Purdue,Nebraska,10,28,16.9,10.0,6.9,46.5,47.5,-1.0,-18.0,38.0,1.0,A,Away,,True,
13,Oklahoma State,Texas Tech,48,56,4.0,5.0,-1.0,71.0,63.5,7.5,-8.0,104.0,1.0,A,,Over,,True
13,Houston,Baylor,10,20,11.4,7.0,4.4,47.9,51.0,-3.1,-10.0,30.0,1.0,C,Away,Under,True,True
5,Memphis,Middle Tennessee,24,7,-28.2,-27.0,-1.2,63.8,62.0,1.8,17.0,31.0,1.0,,,,,
5,LSU,South Alabama,42,10,-14.9,-21.0,6.1,60.9,64.5,-3.6,32.0,52.0,1.0,A,Away,Under,False,True
13,Maryland,Iowa,13,29,12.3,4.0,8.3,43.9,40.5,3.4,-16.0,42.0,1.0,A+,Away,Over,True,True
5,Baylor,BYU,28,34,0.7,-3.0,3.7,56.1,47.0,9.1,-6.0,62.0,1.0,A+,Away,Over,True,True
5,Texas,Mississippi State,35,13,-29.2,-37.0,7.8,57.6,58.5,-0.9,22.0,48.0,1.0,A,Away,,True,
5,Houston,Iowa State,0,20,12.9,16.0,-3.1,45.1,43.0,2.1,-20.0,20.0,1.0,C,Home,,False,
13,Duke,Virginia Tech,31,28,2.0,2.5,-0.5,47.3,45.5,1.8,3.0,59.0,1.0,,,,,
5,North Texas,Tulsa,52,20,-17.5,-7.0,-10.5,77.4,65.5,11.9,32.0,72.0,1.0,A+,Home,Over,True,True
5,Rice,Charlotte,20,21,-6.9,-4.0,-2.9,55.5,48.0,7.5,-1.0,41.0,1.0,A,,Over,,False
13,Miami,Wake Forest,42,14,-26.3,-23.5,-2.8,71.7,67.0,4.7,28.0,56.0,1.0,B,,Over,,False
5,Michigan,Minnesota,27,24,-4.0,-10.5,6.5,34.0,34.5,-0.5,3.0,51.0,1.0,A,Away,,True,
5,Florida International,Louisiana Tech,17,10,-1.7,2.0,-3.7,39.6,49.0,-9.4,7.0,27.0,1.0,A+,Home,Under,True,True
5,New Mexico State,New Mexico,40,50,4.3,9.5,-5.2,69.6,54.0,15.6,-10.0,90.0,1.0,A+,Home,Over,False,True
5,Wyoming,Air Force,31,19,-0.1,4.0,-4.1,38.4,33.5,4.9,12.0,50.0,1.0,B,Home,Over,True,True
13,California,Stanford,24,21,-13.7,-15.0,1.3,54.4,53.5,0.9,3.0,45.0,1.0,,,,,
13,Syracuse,UConn,31,24,-7.8,-10.0,2.2,62.9,53.0,9.9,7.0,55.0,1.0,A+,,Over,,True
13,Boston College,North Carolina,41,21,-1.5,2.0,-3.5,56.1,50.5,5.6,20.0,62.0,1.0,B,Home,Over,True,True
13,Kansas State,Cincinnati,41,15,-12.8,-7.5,-5.3,49.6,54.5,-4.9,26.0,56.0,1.0,B,Home,Under,True,False
6,Oregon,Michigan State,31,10,-29.1,-22.5,-6.6,54.7,53.0,1.7,21.0,41.0,1.0,A,Home,,False,
13,San José State,UNLV,16,27,9.6,7.5,2.1,59.0,59.5,-0.5,-11.0,43.0,1.0,,,,,
13,Jacksonville State,Sam Houston,21,11,-8.6,-5.5,-3.1,45.5,57.5,-12.0,10.0,32.0,1.0,A+,Home,Under,True,True
13,Coastal Carolina,Georgia Southern,6,26,1.4,-2.0,3.4,61.1,59.5,1.6,-20.0,32.0,1.0,C,Away,,True,
6,Louisville,SMU,27,34,-0.9,-6.5,5.6,65.5,55.0,10.5,-7.0,61.0,1.0,A+,Away,Over,True,True
6,Florida,UCF,24,13,-10.2,1.0,-11.2,52.1,62.0,-9.9,11.0,37.0,1.0,A+,Home,Under,True,True
13,Old Dominion,Marshall,35,42,3.7,-3.0,6.7,59.1,51.0,8.1,-7.0,77.0,1.0,A+,Away,Over,True,True
6,South Carolina,Ole Miss,3,27,5.3,10.0,-4.7,43.5,53.0,-9.5,-24.0,30.0,1.0,A+,Home,Under,False,True
13,Ball State,Bowling Green,13,38,13.3,12.5,0.8,60.5,54.5,6.0,-25.0,51.0,1.0,A,,Over,,False
6,California,Miami,38,39,12.0,10.0,2.0,64.4,54.0,10.4,-1.0,77.0,1.0,A+,,Over,,True
6,Oklahoma State,West Virginia,14,38,0.3,-2.5,2.8,66.5,65.0,1.5,-24.0,52.0,1.0,,,,,
13,Florida Atlantic,Charlotte,27,39,-4.2,3.0,-7.2,57.5,49.5,8.0,-12.0,66.0,1.0,A+,Home,Over,False,True
6,Arkansas,Tennessee,19,14,9.8,14.0,-4.2,45.9,57.5,-11.6,5.0,33.0,1.0,A+,Home,Under,True,True
13,South Florida,Tulsa,63,30,-21.1,-17.5,-3.6,70.0,60.0,10.0,33.0,93.0,1.0,A+,Home,Over,True,True
13,Tennessee,UTEP,56,0,-43.0,-41.5,-1.5,57.7,54.0,3.7,56.0,56.0,1.0,C,,Over,,True
13,Kennesaw State,Florida International,27,26,7.8,9.0,-1.2,45.4,42.5,2.9,1.0,53.0,1.0,,,,,
13,Middle Tennessee,New Mexico State,21,36,-1.2,-3.5,2.3,52.5,54.0,-1.5,-15.0,57.0,1.0,,,,,
13,Utah State,San Diego State,41,20,-6.0,-5.0,-1.0,65.9,60.0,5.9,21.0,61.0,1.0,B,,Over,,True
13,Louisiana,Troy,51,30,-11.1,-7.5,-3.6,59.1,51.5,7.6,21.0,81.0,1.0,A,Home,Over,True,True
13,Nevada,Air Force,19,22,-0.9,-3.0,2.1,46.1,44.5,1.6,-3.0,41.0,1.0,,,,,
13,UAB,Rice,40,14,0.1,7.0,-6.9,60.4,,,26.0,54.0,1.0,A,Home,,True,
13,Texas State,Georgia State,44,52,-19.6,-23.0,3.4,66.6,59.5,7.1,-8.0,96.0,1.0,A,Away,Over,True,True
13,Oregon State,Washington State,41,38,5.8,11.0,-5.2,69.5,57.0,12.5,3.0,79.0,1.0,A+,Home,Over,True,True
13,Arkansas,Louisiana Tech,35,14,-21.7,-23.5,1.8,47.5,48.5,-1.0,21.0,49.0,1.0,,,,,
13,Wyoming,Boise State,13,17,19.8,22.0,-2.2,55.9,54.0,1.9,-4.0,30.0,1.0,,,,,
13,Southern Miss,South Alabama,14,35,22.1,24.0,-1.9,59.1,54.0,5.1,-21.0,49.0,1.0,B,,Over,,False
13,Fresno State,Colorado State,28,22,-6.1,-3.5,-2.6,51.7,43.5,8.2,6.0,50.0,1.0,A+,,Over,,True
6,North Carolina,Pittsburgh,24,34,-2.0,2.5,-4.5,59.0,63.0,-4.0,-10.0,58.0,1.0,B,Home,Under,False,True
6,UNLV,Syracuse,41,44,-6.1,-5.5,-0.6,67.5,55.5,12.0,-3.0,85.0,1.0,A+,,Over,,True
6,Minnesota,USC,24,17,1.0,8.5,-7.5,46.2,45.5,0.7,7.0,41.0,1.0,A,Home,,True,
6,Troy,Texas State,17,38,7.1,14.5,-7.4,62.4,56.0,6.4,-21.0,55.0,1.0,A,Home,Over,False,False
6,UTEP,Sam Houston,21,41,10.8,10.0,0.8,43.0,49.5,-6.5,-20.0,62.0,1.0,A,,Under,,False
6,TCU,Houston,19,30,-16.5,-16.5,0.0,48.9,52.0,-3.1,-11.0,49.0,1.0,C,,Under,,True
6,Kennesaw State,Jacksonville State,24,63,17.7,17.5,0.2,53.7,49.5,4.2,-39.0,87.0,1.0,C,,Over,,True
6,Charlotte,East Carolina,55,24,8.0,9.5,-1.5,62.8,47.5,15.3,31.0,79.0,1.0,A+,,Over,,True
6,Coastal Carolina,Old Dominion,45,37,-0.5,-4.0,3.5,61.5,51.5,10.0,8.0,82.0,1.0,A+,Away,Over,False,True
6,UAB,Tulane,20,71,17.4,19.5,-2.1,69.5,52.0,17.5,-51.0,91.0,1.0,A+,,Over,,True
6,NC State,Wake Forest,30,34,-9.5,-4.0,-5.5,59.6,52.5,7.1,-4.0,64.0,1.0,A,Home,Over,False,True
6,Ball State,Western Michigan,42,45,5.3,10.0,-4.7,68.4,57.5,10.9,-3.0,87.0,1.0,A+,Home,Over,True,True
6,Georgia Tech,Duke,24,14,-2.6,-10.0,7.4,52.6,52.5,0.1,10.0,38.0,1.0,A,Away,,,
6,Air Force,Navy,7,34,8.4,10.0,-1.6,46.8,37.0,9.8,-27.0,41.0,1.0,A+,,Over,,True
6,Virginia,Boston College,24,14,3.4,-2.0,5.4,51.3,52.5,-1.2,10.0,38.0,1.0,B,Away,,False,
6,Akron,Bowling Green,20,27,11.6,17.0,-5.4,50.0,48.5,1.5,-7.0,47.0,1.0,B,Home,,True,
6,Toledo,Miami (OH),30,20,-0.4,-4.5,4.1,42.8,44.0,-1.2,10.0,50.0,1.0,C,Away,,False,
6,Vanderbilt,Alabama,40,35,16.7,23.5,-6.8,53.1,53.5,-0.4,5.0,75.0,1.0,A,Home,,True,
6,Boise State,Utah State,62,30,-23.2,-28.0,4.8,75.6,66.5,9.1,32.0,92.0,1.0,A+,Away,Over,False,True
6,Arizona State,Kansas,35,31,-5.6,-2.5,-3.1,57.8,50.0,7.8,4.0,66.0,1.0,A,Home,Over,True,True
6,Northwestern,Indiana,24,41,21.2,12.5,8.7,49.1,40.5,8.6,-17.0,65.0,1.0,A+,Away,Over,True,True
6,Arizona,Texas Tech,22,28,4.9,-6.0,10.9,63.3,64.0,-0.7,-6.0,50.0,1.0,A+,Away,,True,
6,Tulsa,Army,7,49,24.9,13.5,11.4,61.2,50.5,10.7,-42.0,56.0,1.0,A+,Away,Over,True,True
6,Stanford,Virginia Tech,7,31,13.0,9.5,3.5,57.8,50.0,7.8,-24.0,38.0,1.0,A,Away,Over,True,False
6,San José State,Nevada,35,31,-9.3,-7.0,-2.3,57.0,51.5,5.5,4.0,66.0,1.0,B,,Over,,True
6,UConn,Temple,29,20,-20.0,-17.5,-2.5,54.5,49.0,5.5,9.0,49.0,1.0,B,,Over,,
6,Iowa State,Baylor,43,21,-4.6,-13.0,8.4,56.3,45.0,11.3,22.0,64.0,1.0,A+,Away,Over,False,True
6,Southern Miss,Louisiana,13,23,21.9,17.5,4.4,60.7,57.5,3.2,-10.0,36.0,1.0,C,Away,Over,False,False
6,Arkansas State,South Alabama,18,16,9.6,2.5,7.1,62.2,62.5,-0.3,2.0,34.0,1.0,A,Away,,False,
6,Oregon State,Colorado State,39,31,-3.8,-10.0,6.2,57.8,47.0,10.8,8.0,70.0,1.0,A+,Away,Over,True,True
6,Wisconsin,Purdue,52,6,-20.2,-12.0,-8.2,46.4,44.5,1.9,46.0,58.0,1.0,A+,Home,,True,
6,Penn State,UCLA,27,11,-23.0,-30.0,7.0,50.6,48.0,2.6,16.0,38.0,1.0,A,Away,,True,
10,Florida International,New Mexico State,34,13,-9.9,-7.0,-2.9,53.3,43.5,9.8,21.0,47.0,1.0,A+,,Over,,True
10,Sam Houston,Louisiana Tech,9,3,-6.7,-10.5,3.8,35.1,45.5,-10.4,6.0,12.0,1.0,A+,Away,Under,True,True
10,Liberty,Jacksonville State,21,31,0.3,-2.5,2.8,57.5,64.0,-6.5,-10.0,52.0,1.0,A,,Under,,True
10,Charlotte,Tulane,3,34,19.7,14.5,5.2,64.6,55.5,9.1,-31.0,37.0,1.0,A+,Away,Over,True,False
10,Western Kentucky,Kennesaw State,31,14,-19.5,-24.0,4.5,47.0,49.0,-2.0,17.0,45.0,1.0,B,Away,,True,
10,Washington,USC,26,21,5.4,2.0,3.4,54.9,55.0,-0.1,5.0,47.0,1.0,C,Away,,False,
10,Illinois,Minnesota,17,25,0.0,2.5,-2.5,36.5,47.0,-10.5,-8.0,42.0,1.0,A+,,Under,,True
10,Miami,Duke,53,31,-16.5,-21.0,4.5,62.1,55.5,6.6,22.0,84.0,1.0,A,Away,Over,False,True
10,Michigan State,Indiana,10,47,19.8,7.5,12.3,48.9,53.5,-4.6,-37.0,57.0,1.0,A+,Away,Under,True,False
10,Iowa State,Texas Tech,22,23,-7.6,-13.5,5.9,60.9,55.0,5.9,-1.0,45.0,1.0,B,Away,Over,True,False
10,Tennessee,Kentucky,28,18,-18.6,-17.5,-1.1,44.4,45.5,-1.1,10.0,46.0,1.0,,,,,
10,Auburn,Vanderbilt,7,17,-6.5,-7.5,1.0,44.9,48.0,-3.1,-10.0,24.0,1.0,C,,Under,,True
10,Florida Atlantic,South Florida,21,44,6.3,1.5,4.8,61.4,48.0,13.4,-23.0,65.0,1.0,A+,Away,Over,True,True
10,UConn,Georgia State,34,27,-14.2,-7.0,-7.2,56.6,48.0,8.6,7.0,61.0,1.0,A+,Home,Over,,True
10,Boise State,San Diego State,56,24,-26.2,-24.5,-1.7,57.2,55.5,1.7,32.0,80.0,1.0,,,,,
10,Army,Air Force,20,3,-19.4,-18.0,-1.4,48.4,38.5,9.9,17.0,23.0,1.0,A+,,Over,,False
10,UCF,Arizona,56,12,-9.0,-6.5,-2.5,53.8,55.0,-1.2,44.0,68.0,1.0,,,,,
10,Akron,Buffalo,30,41,6.3,-1.0,7.3,51.5,49.0,2.5,-11.0,71.0,1.0,A,Away,,True,
10,NC State,Stanford,59,28,-11.0,-10.0,-1.0,60.5,46.5,14.0,31.0,87.0,1.0,A+,,Over,,True
10,Florida State,North Carolina,11,35,4.2,2.5,1.7,48.8,50.5,-1.7,-24.0,46.0,1.0,,,,,
10,Baylor,TCU,37,34,-2.2,-2.5,0.3,62.7,64.0,-1.3,3.0,71.0,1.0,,,,,
10,Eastern Michigan,Toledo,28,29,6.6,10.0,-3.4,51.2,54.5,-3.3,-1.0,57.0,1.0,C,Home,Under,True,False
10,Purdue,Northwestern,20,26,6.0,-3.0,9.0,40.9,44.5,-3.6,-6.0,46.0,1.0,A+,Away,Under,True,False
10,UTSA,Memphis,44,36,5.0,7.0,-2.0,74.3,62.0,12.3,8.0,80.0,1.0,A+,,Over,,True
10,Oklahoma State,Arizona State,21,42,8.4,5.0,3.4,60.0,57.0,3.0,-21.0,63.0,1.0,C,Away,,True,
10,Rice,Navy,24,10,8.7,12.5,-3.8,50.4,49.0,1.4,14.0,34.0,1.0,C,Home,,True,
10,UTEP,Middle Tennessee,13,20,-3.3,-2.0,-1.3,44.5,48.0,-3.5,-7.0,33.0,1.0,C,,Under,,True
10,Nebraska,UCLA,20,27,-6.9,-7.5,0.6,36.2,38.5,-2.3,-7.0,47.0,1.0,,,,,
10,UAB,Tulsa,59,21,-11.5,-2.5,-9.0,71.0,57.5,13.5,38.0,80.0,1.0,A+,Home,Over,True,True
10,Houston,Kansas State,24,19,15.2,12.5,2.7,47.3,46.5,0.8,5.0,43.0,1.0,,,,,
10,Troy,Coastal Carolina,38,24,-2.1,4.0,-6.1,58.7,52.0,6.7,14.0,62.0,1.0,A,Home,Over,True,True
10,New Mexico,Wyoming,45,49,-2.6,-7.5,4.9,60.8,60.5,0.3,-4.0,94.0,1.0,B,Away,,True,
10,South Alabama,Georgia Southern,30,34,-6.5,-5.5,-1.0,59.0,60.0,-1.0,-4.0,64.0,1.0,,,,,
10,Nevada,Colorado State,21,38,2.1,2.0,0.1,54.2,45.5,8.7,-17.0,59.0,1.0,A+,,Over,,True
